unit_index,sample_mean,sample_std,q025,q500,q975,num_finite_samples
0,0.16999999999999998,0.19052558883257653,-0.033,0.12000000000000001,0.49200000000000005,8
1,0.23500000000000001,0.13028814220795384,0.028000000000000004,0.2,0.433,8
2,0.29500000000000004,0.1355544171172596,0.12,0.34,0.466,8
3,0.235,0.15676415406590882,-0.011999999999999997,0.2,0.49200000000000005,8
4,0.42,0.1077032961426901,0.228,0.44,0.553,8
5,0.35,0.09110433579144299,0.188,0.33999999999999997,0.473,8
6,0.2,0.12165525060596441,0.007000000000000001,0.24,0.37900000000000006,8
7,0.19,0.09746794344808964,0.047,0.18,0.34600000000000003,8
8,0.20500000000000002,0.13181426326464066,0.047,0.18,0.445,8
9,0.25,0.11789826122551596,0.054,0.28,0.41900000000000004,8
10,0.32999999999999996,0.10344080432788601,0.20700000000000002,0.32,0.506,8
11,0.175,0.12479983974348685,-0.026,0.18,0.34600000000000003,8
12,0.39,0.10723805294763608,0.21400000000000002,0.38,0.52,8
13,0.33,0.12922847983320085,0.20700000000000002,0.30000000000000004,0.5910000000000001,8
14,0.25,0.11958260743101397,0.061,0.26,0.426,8
15,0.21500000000000002,0.09151502608861564,0.12,0.22,0.37900000000000006,8
16,0.14500000000000002,0.1355544171172596,-0.118,0.16,0.28,8
17,0.275,0.13481468762712764,0.12,0.24,0.506,8
18,0.32,0.12961481396815722,0.108,0.32,0.506,8
19,0.08499999999999999,0.046636895265444074,0.007000000000000001,0.08,0.153,8
20,0.2,0.1414213562373095,0.007000000000000001,0.22,0.41900000000000004,8
21,0.245,0.12874393189583733,0.094,0.22,0.49200000000000005,8
22,0.125,0.1759971590679804,-0.106,0.08,0.386,8
23,0.29000000000000004,0.09327379053088815,0.167,0.30000000000000004,0.433,8
24,0.30000000000000004,0.07745966692414834,0.20700000000000002,0.28,0.426,8
25,0.195,0.09041570660012563,0.047,0.22,0.313,8
26,0.23,0.09949874371066199,0.054,0.26,0.353,8
27,0.255,0.1182159041753689,0.094,0.24000000000000002,0.433,8
28,0.43,0.12288205727444508,0.195,0.48,0.553,8
29,0.245,0.1489127261183543,-0.011999999999999997,0.28,0.4780000000000001,8
30,0.28500000000000003,0.07599342076785331,0.167,0.30000000000000004,0.393,8
31,0.455,0.11124297730643495,0.261,0.45999999999999996,0.619,8
32,0.12,0.0721110255092798,0.007000000000000001,0.12,0.2,8
33,0.33499999999999996,0.05634713834792322,0.247,0.36,0.4,8
34,0.27,0.11090536506409417,0.094,0.28,0.426,8
35,0.38,0.15874507866387544,0.127,0.4,0.593,8
36,0.26,0.11135528725660045,0.087,0.30000000000000004,0.41900000000000004,8
37,0.125,0.13028814220795382,-0.09899999999999999,0.14,0.306,8
38,0.14,0.11661903789690602,-0.019,0.1,0.32,8
39,0.225,0.15483862567202022,0.04,0.22000000000000003,0.433,8
40,0.2,0.10392304845413264,0.08,0.18,0.386,8
41,0.22,0.1296148139681572,0.054,0.2,0.433,8
42,0.36,0.11661903789690602,0.20700000000000002,0.36,0.513,8
43,0.375,0.09578622030334008,0.188,0.4,0.48,8
44,0.41000000000000003,0.09746794344808965,0.28700000000000003,0.4,0.553,8
45,0.24,0.18439088914585774,0.0,0.26,0.473,8
46,0.29500000000000004,0.09151502608861563,0.16,0.30000000000000004,0.426,8
47,0.12499999999999999,0.09473647660748208,0.007000000000000001,0.1,0.24,8
48,0.265,0.15866631652622432,0.04,0.33999999999999997,0.433,8
49,0.325,0.1362901317043901,0.134,0.32,0.546,8
50,0.22,0.08717797887081348,0.087,0.22,0.353,8
51,0.335,0.14823967080373593,0.094,0.36,0.539,8
52,0.30500000000000005,0.08231038816577164,0.2,0.30000000000000004,0.4,8
53,0.11,0.11958260743101397,-0.066,0.12,0.325,8
54,0.2,0.0938083151964686,0.087,0.18,0.32,8
55,0.28,0.1216552506059644,0.094,0.30000000000000004,0.466,8
56,0.23500000000000001,0.13332291625973383,0.021,0.22,0.433,8
57,0.22500000000000003,0.09367496997597598,0.061,0.22,0.353,8
58,0.125,0.08108637370113427,0.007000000000000001,0.12,0.24,8
59,0.175,0.10943034314119644,0.014000000000000002,0.18,0.32,8
60,0.22,0.12489995996796796,0.087,0.16,0.426,8
61,0.10500000000000001,0.08703447592764606,0.0,0.08,0.25900000000000006,8
62,0.375,0.1355544171172596,0.20700000000000002,0.38,0.56,8
63,0.255,0.07984359711335656,0.167,0.22,0.393,8
64,0.485,0.08587782018658834,0.374,0.45999999999999996,0.633,8
65,0.27,0.13527749258468683,0.068,0.24,0.49900000000000005,8
66,0.28500000000000003,0.12237238250520419,0.167,0.24,0.532,8
67,0.14,0.11489125293076058,-0.059,0.14,0.306,8
68,0.325,0.15288884851420656,0.054,0.36,0.48,8
69,0.29000000000000004,0.07416198487095663,0.167,0.30000000000000004,0.393,8
70,0.24000000000000002,0.1216552506059644,0.021,0.28,0.41200000000000003,8
71,0.47,0.09327379053088815,0.327,0.5,0.593,8
72,0.32,0.07745966692414834,0.20700000000000002,0.32,0.433,8
73,0.215,0.09785192895390464,0.061,0.2,0.353,8
74,0.32499999999999996,0.12072696467649634,0.115,0.32,0.48,8
75,0.14500000000000002,0.0957862203033401,0.007000000000000001,0.14,0.273,8
76,0.20500000000000002,0.13181426326464069,0.047,0.16,0.426,8
77,0.14500000000000002,0.09785192895390464,0.007000000000000001,0.18,0.273,8
78,0.325,0.1713913650100261,0.061,0.34,0.546,8
79,0.30500000000000005,0.09578622030334008,0.16,0.36,0.4,8
80,0.27,0.11789826122551596,0.127,0.26,0.466,8
81,0.27,0.07937253933193772,0.167,0.26,0.41900000000000004,8
82,0.14,0.14282856857085702,-0.09899999999999999,0.16,0.32,8
83,0.115,0.10476163419878483,-0.092,0.16,0.2,8
84,0.19,0.08185352771872449,0.087,0.2,0.339,8
85,0.305,0.06614378277661477,0.20700000000000002,0.32,0.393,8
86,0.185,0.08703447592764606,0.021,0.2,0.28,8
87,0.20500000000000002,0.12718097341976906,0.04,0.22,0.41200000000000003,8
88,0.315,0.10851267207105351,0.174,0.28,0.48,8
89,0.31,0.18083141320025123,-0.011999999999999997,0.4,0.48,8
90,0.24000000000000002,0.12328828005937953,0.054,0.24000000000000002,0.4,8
91,0.28,0.0565685424949238,0.174,0.28,0.353,8
92,0.24,0.14560219778561034,0.047,0.2,0.473,8
93,0.15499999999999997,0.13919410907075055,-0.026,0.14,0.32,8
94,0.30000000000000004,0.16852299546352717,-0.038,0.38,0.44,8
95,0.14,0.14696938456699069,-0.073,0.16,0.34600000000000003,8
96,0.29,0.12767145334803706,0.068,0.28,0.44,8
97,0.125,0.08351646544245032,0.04,0.1,0.24,8
98,0.255,0.09785192895390464,0.12,0.26,0.393,8
99,0.31000000000000005,0.11269427669584646,0.16,0.30000000000000004,0.49900000000000005,8
100,0.36000000000000004,0.1341640786499874,0.174,0.33999999999999997,0.56,8
101,0.275,0.12718097341976906,0.087,0.28,0.433,8
102,0.31,0.18520259177452136,0.021,0.32,0.6050000000000001,8
103,0.33,0.16822603841260722,0.16,0.26,0.612,8
104,0.30500000000000005,0.18103866990231673,0.054,0.30000000000000004,0.579,8
105,0.28,0.1131370849898476,0.101,0.26,0.459,8
106,0.2,0.16,-0.033,0.22,0.452,8
107,0.034999999999999996,0.1362901317043901,-0.08,0.0,0.31800000000000006,8
108,0.12,0.10392304845413264,0.0,0.12,0.29900000000000004,8
109,0.195,0.19124591498905277,-0.125,0.18,0.44,8
110,0.17,0.06557438524302,0.054,0.18,0.266,8
111,0.295,0.10758717395675006,0.101,0.33999999999999997,0.426,8
112,0.245,0.14756354563373705,0.014000000000000002,0.30000000000000004,0.426,8
113,0.19,0.16217274740226856,-0.026,0.2,0.433,8
114,0.28500000000000003,0.07858116822750856,0.141,0.28,0.393,8
115,0.315,0.13919410907075053,0.07500000000000001,0.28,0.48,8
116,0.20500000000000002,0.09260129588726068,0.021,0.24,0.28,8
117,0.33,0.13674794331177342,0.134,0.32,0.539,8
118,0.35,0.1161895003862225,0.167,0.38,0.48,8
119,0.32,0.12328828005937953,0.134,0.34,0.49900000000000005,8
120,0.20500000000000002,0.09886859966642594,0.08,0.22000000000000003,0.32,8
121,0.2,0.14142135623730953,-0.033,0.24000000000000002,0.353,8
122,0.34,0.150996688705415,0.101,0.32,0.553,8
123,0.37,0.12449899597988733,0.181,0.36,0.553,8
124,0.415,0.13257073583562853,0.181,0.45999999999999996,0.586,8
125,0.135,0.15091388272786568,-0.073,0.14,0.398,8
126,0.26,0.1216552506059644,0.094,0.24000000000000002,0.433,8
127,0.11499999999999999,0.11390785749894518,-0.033,0.14,0.29900000000000004,8
128,0.265,0.12639224659764536,0.08,0.28,0.459,8
129,0.165,0.14343988287781054,-0.092,0.22,0.32,8
130,0.245,0.04213074886588179,0.174,0.24,0.313,8
131,0.25,0.10148891565092219,0.094,0.26,0.41900000000000004,8
132,0.37,0.10908712114635716,0.20700000000000002,0.38,0.539,8
133,0.33499999999999996,0.11302654555457316,0.134,0.36,0.473,8
134,0.24000000000000002,0.10770329614269009,0.028000000000000004,0.26,0.353,8
135,0.28,0.12806248474865697,0.12,0.26,0.473,8
136,0.28,0.12806248474865697,0.087,0.32,0.459,8
137,0.385,0.1018577439373168,0.28,0.36,0.579,8
138,0.325,0.10851267207105353,0.16,0.36,0.44,8
139,0.115,0.19228884523029413,-0.186,0.12,0.37900000000000006,8
140,0.225,0.16725728683677732,0.007000000000000001,0.26,0.459,8
141,0.185,0.11478240283248997,-0.019,0.22,0.313,8
142,0.35,0.15198684153570666,0.167,0.32,0.593,8
143,0.355,0.12399596767637244,0.20700000000000002,0.30000000000000004,0.546,8
144,0.19,0.15066519173319365,-0.092,0.28,0.32,8
145,0.32,0.19183326093250877,0.087,0.28,0.678,8
146,0.165,0.09041570660012563,0.04,0.18,0.306,8
147,0.14500000000000002,0.1370218960604472,-0.04,0.14,0.32,8
148,0.24,0.09797958971132713,0.16,0.2,0.426,8
149,0.24500000000000002,0.11390785749894518,0.047,0.28,0.386,8
150,0.15000000000000002,0.11090536506409417,-0.07799999999999999,0.18,0.266,8
151,0.23000000000000004,0.07416198487095663,0.101,0.22,0.32,8
152,0.21500000000000002,0.09151502608861564,0.12,0.2,0.386,8
153,0.175,0.12155245781143219,-0.052,0.2,0.32,8
154,0.44499999999999995,0.09041570660012561,0.32,0.45999999999999996,0.586,8
155,0.165,0.12072696467649636,0.04,0.14,0.37900000000000006,8
156,0.24500000000000002,0.17370952766040212,0.014000000000000002,0.24,0.539,8
157,0.15500000000000003,0.09473647660748208,0.047,0.12,0.313,8
158,0.22500000000000003,0.14133294025102572,-0.011999999999999997,0.26,0.4,8
159,0.125,0.09886859966642594,0.007000000000000001,0.12,0.29900000000000004,8
160,0.31500000000000006,0.10851267207105353,0.108,0.33999999999999997,0.433,8
161,0.35500000000000004,0.12874393189583733,0.141,0.38,0.513,8
162,0.305,0.08703447592764606,0.174,0.30000000000000004,0.433,8
163,0.31499999999999995,0.13028814220795382,0.2,0.24,0.513,8
164,0.035,0.1848648154733615,-0.219,0.02,0.313,8
165,0.31,0.13228756555322954,0.167,0.26,0.513,8
166,0.32,0.0848528137423857,0.20700000000000002,0.30000000000000004,0.466,8
167,0.245,0.11034038245356954,0.054,0.28,0.36,8
168,0.22500000000000003,0.08930285549745877,0.12,0.22,0.37900000000000006,8
169,0.225,0.1263922465976454,-0.0049999999999999975,0.24000000000000002,0.36,8
170,0.25,0.11789826122551597,0.12,0.26,0.433,8
171,0.215,0.09578622030334008,0.054,0.24,0.34600000000000003,8
172,0.15,0.07416198487095663,0.021,0.14,0.24,8
173,0.185,0.10943034314119644,0.014000000000000002,0.2,0.34600000000000003,8
174,0.21000000000000002,0.15968719422671313,0.007000000000000001,0.18,0.433,8
175,0.15,0.15459624833740307,-0.073,0.18,0.37900000000000006,8
176,0.24500000000000002,0.088175960442742,0.094,0.26,0.353,8
177,0.265,0.12951833846988617,0.094,0.26,0.49200000000000005,8
178,0.2,0.14142135623730953,-0.033,0.24000000000000002,0.353,8
179,0.23500000000000001,0.10851267207105354,0.08,0.28,0.386,8
180,0.335,0.08231038816577164,0.20700000000000002,0.33999999999999997,0.466,8
181,0.32499999999999996,0.1066536450385077,0.167,0.32,0.473,8
182,0.18,0.17088007490635063,-0.019,0.08,0.44,8
183,0.30500000000000005,0.07193747284969079,0.20700000000000002,0.30000000000000004,0.4,8
184,0.275,0.13028814220795382,0.054,0.33999999999999997,0.426,8
185,0.345,0.10758717395675006,0.21400000000000002,0.30000000000000004,0.539,8
186,0.27,0.17175564037317667,0.054,0.24,0.513,8
187,0.345,0.1413329402510257,0.134,0.36,0.579,8
188,0.185,0.10758717395675006,-0.011999999999999997,0.2,0.32,8
189,0.325,0.16178689687363437,0.068,0.32,0.579,8
190,0.33999999999999997,0.1777638883463118,0.021,0.38,0.52,8
191,0.245,0.13332291625973383,0.021,0.26,0.433,8
192,0.245,0.11390785749894516,0.127,0.2,0.459,8
193,0.35000000000000003,0.12288205727444508,0.181,0.30000000000000004,0.546,8
194,0.345,0.08470537173048709,0.20700000000000002,0.4,0.433,8
195,0.245,0.07599342076785333,0.16,0.24000000000000002,0.37900000000000006,8
196,0.345,0.10943034314119646,0.181,0.33999999999999997,0.532,8
197,0.255,0.08470537173048708,0.134,0.24,0.41200000000000003,8
198,0.27,0.16822603841260722,0.054,0.22,0.5720000000000001,8
199,0.32,0.10198039027185571,0.141,0.32,0.44,8
200,0.13,0.10535653752852739,0.0,0.14,0.29900000000000004,8
201,0.16999999999999998,0.07141428428542851,0.08,0.16,0.29900000000000004,8
202,0.33999999999999997,0.10954451150103321,0.21400000000000002,0.32,0.558,8
203,0.275,0.12718097341976906,0.087,0.30000000000000004,0.48500000000000004,8
204,0.10500000000000001,0.12639224659764536,-0.09899999999999999,0.1,0.306,8
205,0.17500000000000002,0.10758717395675008,0.047,0.16,0.37900000000000006,8
206,0.25,0.07416198487095663,0.16,0.24,0.36,8
207,0.32499999999999996,0.11565033506220376,0.174,0.28,0.48,8
208,0.295,0.12318684994754919,0.101,0.30000000000000004,0.466,8
209,0.255,0.15354152532784088,0.007000000000000001,0.28,0.466,8
210,0.2,0.08944271909999159,0.054,0.2,0.32,8
211,0.11499999999999999,0.11736694594305504,-0.073,0.14,0.273,8
212,0.07999999999999999,0.10198039027185571,-0.125,0.1,0.193,8
213,0.265,0.14274102423620197,0.087,0.24000000000000002,0.49900000000000005,8
214,0.41000000000000003,0.11789826122551596,0.254,0.4,0.612,8
215,0.39,0.17291616465790582,0.115,0.36,0.6,8
216,0.215,0.11302654555457316,0.047,0.22000000000000003,0.353,8
217,0.395,0.08587782018658835,0.228,0.4,0.506,8
218,0.255,0.14274102423620197,0.087,0.22,0.466,8
219,0.265,0.08930285549745876,0.108,0.26,0.393,8
220,0.175,0.08470537173048709,0.054,0.16,0.306,8
221,0.325,0.1859435398178705,0.087,0.32,0.645,8
222,0.21000000000000002,0.10535653752852739,0.087,0.18,0.353,8
223,0.14,0.17088007490635063,-0.11299999999999999,0.18,0.386,8
224,0.14,0.10583005244258362,0.007000000000000001,0.1,0.306,8
225,0.195,0.09041570660012563,0.047,0.22,0.313,8
226,0.265,0.1263922465976454,0.087,0.28,0.433,8
227,0.16000000000000003,0.14696938456699069,-0.092,0.18,0.32,8
228,0.26,0.1414213562373095,0.014000000000000002,0.3,0.4,8
229,0.23,0.1072380529476361,0.094,0.18,0.393,8
230,0.28,0.1341640786499874,0.087,0.30000000000000004,0.49200000000000005,8
231,0.32000000000000006,0.10583005244258362,0.141,0.32,0.473,8
232,0.125,0.13181426326464069,-0.04,0.1,0.313,8
233,0.2,0.161245154965971,-0.066,0.24,0.393,8
234,0.35,0.11789826122551596,0.2,0.33999999999999997,0.52,8
235,0.28500000000000003,0.14343988287781054,0.061,0.26,0.506,8
236,0.41500000000000004,0.08470537173048709,0.28700000000000003,0.44,0.546,8
237,0.175,0.09785192895390464,0.021,0.18,0.339,8
238,0.305,0.10185774393731681,0.134,0.32,0.44,8
239,0.29500000000000004,0.11124297730643495,0.127,0.33999999999999997,0.433,8
240,0.09,0.11958260743101398,-0.073,0.12,0.233,8
241,0.32,0.12000000000000001,0.108,0.33999999999999997,0.49900000000000005,8
242,0.335,0.13991068579633223,0.068,0.36,0.506,8
243,0.315,0.13181426326464069,0.094,0.33999999999999997,0.49900000000000005,8
244,0.385,0.07984359711335655,0.28,0.4,0.48,8
245,0.265,0.09151502608861563,0.2,0.22,0.452,8
246,0.32500000000000007,0.12237238250520417,0.127,0.36,0.473,8
247,0.22999999999999998,0.17406895185529211,0.007000000000000001,0.2,0.506,8
248,0.235,0.1448274835796024,0.087,0.18,0.49900000000000005,8
249,0.16,0.08485281374238571,0.021,0.14,0.273,8
250,0.325,0.13181426326464069,0.167,0.28,0.52,8
251,0.2,0.0938083151964686,0.047,0.22,0.313,8
252,0.265,0.09367496997597598,0.134,0.26,0.426,8
253,0.20500000000000002,0.11905880899790658,0.007000000000000001,0.26,0.34600000000000003,8
254,0.23500000000000001,0.1713913650100261,-0.07799999999999999,0.26,0.4,8
255,0.14500000000000002,0.16484841521834537,-0.132,0.12,0.37900000000000006,8
256,0.22000000000000003,0.12961481396815722,0.021,0.2,0.4,8
257,0.27,0.13674794331177342,0.042,0.24,0.473,8
258,0.22999999999999998,0.12767145334803703,0.08,0.22,0.459,8
259,0.18,0.12165525060596438,0.08,0.14,0.43100000000000005,8
260,0.30000000000000004,0.09591663046625439,0.115,0.32,0.426,8
261,0.24,0.13114877048604,0.028000000000000004,0.24,0.459,8
262,0.15,0.13527749258468683,0.0,0.12,0.37900000000000006,8
263,0.255,0.06910137480542627,0.16,0.28,0.32,8
264,0.20500000000000002,0.14062361110425234,0.04,0.2,0.393,8
265,0.37,0.14798648586948743,0.141,0.38,0.586,8
266,0.22000000000000003,0.132664991614216,0.047,0.2,0.4,8
267,0.175,0.11651180197731044,0.04,0.18,0.32,8
268,0.23500000000000001,0.09041570660012563,0.12,0.22,0.386,8
269,0.4,0.11135528725660043,0.21400000000000002,0.42000000000000004,0.5720000000000001,8
270,0.34500000000000003,0.11124297730643495,0.2,0.36,0.532,8
271,0.29000000000000004,0.1705872210923198,0.021,0.32,0.513,8
272,0.18,0.066332495807108,0.08,0.2,0.24,8
273,0.18,0.09591663046625439,0.054,0.14,0.32,8
274,0.385,0.1182159041753689,0.20700000000000002,0.4,0.546,8
275,0.20500000000000002,0.08351646544245032,0.054,0.22,0.313,8
276,0.28500000000000003,0.14062361110425234,0.101,0.24000000000000002,0.513,8
277,0.275,0.13332291625973383,0.127,0.26,0.5250000000000001,8
278,0.295,0.04873397172404482,0.24,0.30000000000000004,0.36,8
279,0.355,0.13181426326464069,0.134,0.38,0.52,8
280,0.31000000000000005,0.12922847983320085,0.167,0.28,0.5650000000000001,8
281,0.255,0.12951833846988617,0.054,0.28,0.433,8
282,0.315,0.14620191517213446,0.094,0.32,0.52,8
283,0.155,0.11390785749894516,-0.026,0.16,0.339,8
284,0.065,0.14413535305399575,-0.19799999999999998,0.04,0.233,8
285,0.22,0.14832396974191325,-0.019,0.22,0.459,8
286,0.225,0.0746659226153404,0.101,0.2,0.32,8
287,0.32999999999999996,0.1396424004376894,0.101,0.32,0.513,8
288,0.32,0.09591663046625439,0.24,0.28,0.48,8
289,0.115,0.10476163419878483,-0.04,0.14,0.266,8
290,0.35,0.10723805294763607,0.174,0.33999999999999997,0.48,8
291,0.12,0.10954451150103323,-0.092,0.16,0.233,8
292,0.275,0.13332291625973383,0.127,0.24,0.473,8
293,0.365,0.15548311805466214,0.108,0.36,0.553,8
294,0.26,0.10198039027185571,0.094,0.26,0.4,8
295,0.18,0.1661324772583615,-0.026,0.14,0.466,8
296,0.325,0.1066536450385077,0.20700000000000002,0.28,0.48,8
297,0.375,0.11989578808281796,0.21400000000000002,0.38,0.5720000000000001,8
298,0.21500000000000002,0.13991068579633223,-0.019,0.2,0.41900000000000004,8
299,0.24500000000000002,0.11034038245356956,0.087,0.22,0.393,8
300,0.30500000000000005,0.11302654555457316,0.167,0.30000000000000004,0.49900000000000005,8
301,0.33499999999999996,0.10571187255932987,0.174,0.33999999999999997,0.506,8
302,0.20500000000000002,0.11736694594305502,0.087,0.16,0.445,8
303,0.315,0.13919410907075055,0.127,0.36,0.48,8
304,0.38,0.14966629547095767,0.08200000000000002,0.42000000000000004,0.52,8
305,0.145,0.15483862567202022,-0.09899999999999999,0.16,0.353,8
306,0.32,0.12328828005937953,0.127,0.32,0.506,8
307,0.315,0.11736694594305504,0.167,0.28,0.506,8
308,0.17500000000000002,0.1455163221085525,-0.08499999999999999,0.2,0.37900000000000006,8
309,0.23,0.05916079783099616,0.127,0.24,0.313,8
310,0.28500000000000003,0.10851267207105353,0.127,0.28,0.459,8
311,0.11500000000000002,0.0733143914930759,0.007000000000000001,0.1,0.2,8
312,0.14,0.066332495807108,0.047,0.14,0.233,8
313,0.33999999999999997,0.07211102550927978,0.221,0.32,0.44,8
314,0.185,0.1719738352191984,-0.158,0.28,0.34600000000000003,8
315,0.175,0.09151502608861564,0.047,0.2,0.306,8
316,0.14500000000000002,0.16844880527923015,-0.09899999999999999,0.18,0.405,8
317,0.14,0.11832159566199231,-0.026,0.12,0.339,8
318,0.355,0.11390785749894516,0.20700000000000002,0.33999999999999997,0.5650000000000001,8
319,0.255,0.08703447592764606,0.16,0.24,0.41900000000000004,8
320,0.08499999999999999,0.13028814220795384,-0.165,0.12,0.233,8
321,0.185,0.15740076238697193,-0.059,0.18,0.452,8
322,0.225,0.08231038816577164,0.094,0.22,0.353,8
323,0.11499999999999999,0.11565033506220378,0.0,0.08,0.313,8
324,0.15999999999999998,0.08717797887081347,0.04,0.16,0.273,8
325,0.34500000000000003,0.10758717395675006,0.24,0.33999999999999997,0.558,8
326,0.23,0.12288205727444508,-0.0049999999999999975,0.26,0.386,8
327,0.17500000000000002,0.1018577439373168,-0.038,0.22,0.24,8
328,0.245,0.2024228247999716,-0.059,0.2,0.513,8
329,0.165,0.13481468762712762,-0.059,0.2,0.34600000000000003,8
330,0.21000000000000002,0.1396424004376894,0.021,0.2,0.4710000000000001,8
331,0.185,0.10185774393731682,0.014000000000000002,0.22,0.313,8
332,0.27,0.15459624833740307,0.08,0.26,0.539,8
333,0.24500000000000005,0.11390785749894518,0.047,0.28,0.386,8
334,0.08499999999999999,0.11736694594305504,-0.04,0.06,0.273,8
335,0.325,0.15676415406590885,0.035,0.38,0.532,8
336,0.11,0.0818535277187245,-0.052,0.12,0.2,8
337,0.34,0.16970562748477142,0.134,0.30000000000000004,0.6,8
338,0.33499999999999996,0.09785192895390464,0.24,0.32,0.5250000000000001,8
339,0.20500000000000002,0.11905880899790658,0.08,0.16,0.4,8
340,0.255,0.15223337347638327,-0.0049999999999999975,0.24000000000000002,0.466,8
341,0.28,0.1341640786499874,0.061,0.3,0.44,8
342,0.195,0.1502497920131672,-0.052,0.18,0.393,8
343,0.28,0.13711309200802088,0.087,0.28,0.49900000000000005,8
344,0.395,0.11905880899790659,0.181,0.4,0.553,8
345,0.18500000000000003,0.1263922465976454,-0.07799999999999999,0.22,0.28,8
346,0.16000000000000003,0.13114877048604,-0.059,0.18,0.32,8
347,0.36,0.1385640646055102,0.174,0.32,0.56,8
348,0.075,0.13919410907075055,-0.12,0.12,0.233,8
349,0.325,0.11390785749894518,0.167,0.33999999999999997,0.506,8
350,0.2,0.10392304845413264,0.047,0.22,0.34600000000000003,8
351,0.245,0.11905880899790658,0.054,0.28,0.393,8
352,0.27,0.08426149773176358,0.16,0.28,0.36,8
353,0.165,0.16054594358002322,-0.066,0.16,0.36,8
354,0.215,0.10758717395675008,0.08,0.2,0.386,8
355,0.16,0.13711309200802088,-0.052,0.14,0.386,8
356,0.255,0.14274102423620197,0.094,0.18,0.49900000000000005,8
357,0.225,0.12951833846988617,0.047,0.2,0.426,8
358,0.42000000000000004,0.12649110640673517,0.254,0.4,0.626,8
359,0.20500000000000002,0.10476163419878483,0.054,0.22,0.37900000000000006,8
360,0.07,0.08426149773176358,-0.073,0.1,0.16,8
361,0.19,0.119582607431014,-0.011999999999999997,0.18,0.37900000000000006,8
362,0.24999999999999997,0.13820274961085252,0.04,0.32,0.393,8
363,0.26,0.11832159566199231,0.087,0.30000000000000004,0.426,8
364,0.28,0.11832159566199231,0.167,0.24,0.48,8
365,0.25,0.14387494569938158,0.028000000000000004,0.22,0.49200000000000005,8
366,0.32,0.10770329614269009,0.2,0.30000000000000004,0.506,8
367,0.35500000000000004,0.11034038245356954,0.181,0.36,0.513,8
368,0.305,0.12479983974348687,0.101,0.32,0.49900000000000005,8
369,0.24,0.1216552506059644,0.054,0.24000000000000002,0.393,8
370,0.17,0.08888194417315588,0.08,0.14,0.339,8
371,0.19,0.15066519173319365,0.007000000000000001,0.14,0.4,8
372,0.355,0.12072696467649636,0.174,0.36,0.5650000000000001,8
373,0.29000000000000004,0.08888194417315588,0.2,0.26,0.459,8
374,0.20500000000000002,0.14062361110425234,-0.026,0.24,0.41200000000000003,8
375,0.55,0.09539392014169457,0.4,0.5800000000000001,0.64,8
376,0.27,0.16583123951776998,0.054,0.24000000000000002,0.48,8
377,0.17,0.18520259177452136,-0.066,0.12000000000000001,0.433,8
378,0.375,0.15483862567202022,0.174,0.33999999999999997,0.645,8
379,0.31,0.09110433579144298,0.174,0.30000000000000004,0.466,8
380,0.24,0.11135528725660045,0.094,0.24,0.445,8
381,0.41000000000000003,0.10908712114635714,0.261,0.38,0.612,8
382,0.235,0.14203872711341792,0.007000000000000001,0.26,0.426,8
383,0.3,0.2039607805437114,0.014000000000000002,0.33999999999999997,0.612,8
384,0.21500000000000002,0.13991068579633223,0.007000000000000001,0.24000000000000002,0.393,8
385,0.395,0.061441028637222526,0.29400000000000004,0.4,0.473,8
386,0.365,0.13481468762712764,0.174,0.38,0.546,8
387,0.185,0.12155245781143219,-0.045,0.2,0.34600000000000003,8
388,0.25,0.14662878298615178,-0.019,0.28,0.4,8
389,0.245,0.09473647660748208,0.061,0.28,0.32,8
390,0.275,0.1678541033159452,0.014000000000000002,0.32,0.49900000000000005,8
391,0.265,0.14413535305399575,0.12,0.2,0.513,8
392,0.125,0.17485708450045712,-0.17200000000000001,0.14,0.37200000000000005,8
393,0.37,0.09949874371066199,0.21400000000000002,0.36,0.513,8
394,0.275,0.10851267207105353,0.068,0.30000000000000004,0.393,8
395,0.13,0.13674794331177342,0.0,0.06,0.37200000000000005,8
396,0.335,0.14823967080373593,0.167,0.28,0.52,8
397,0.36,0.13114877048604,0.167,0.4,0.513,8
398,0.36,0.13266499161421602,0.167,0.33999999999999997,0.553,8
399,0.29000000000000004,0.10908712114635714,0.134,0.28,0.433,8
400,0.345,0.07466592261534039,0.247,0.33999999999999997,0.466,8
401,0.22000000000000003,0.12000000000000001,0.054,0.2,0.393,8
402,0.3,0.10583005244258363,0.174,0.26,0.49900000000000005,8
403,0.185,0.1495827530165159,-0.059,0.2,0.393,8
404,0.325,0.09473647660748208,0.167,0.33999999999999997,0.44,8
405,0.245,0.08351646544245032,0.127,0.24000000000000002,0.36,8
406,0.31999999999999995,0.0938083151964686,0.148,0.32,0.433,8
407,0.23,0.0818535277187245,0.127,0.2,0.37900000000000006,8
408,0.27,0.12288205727444508,0.061,0.26,0.433,8
409,0.23,0.0888819441731559,0.094,0.2,0.353,8
410,0.28,0.04,0.24,0.28,0.353,8
411,0.24500000000000002,0.179373911146521,0.047,0.2,0.513,8
412,0.31,0.1396424004376894,0.094,0.28,0.506,8
413,0.22000000000000003,0.08,0.094,0.22,0.32,8
414,0.24,0.2039607805437114,0.007000000000000001,0.2,0.579,8
415,0.265,0.10758717395675008,0.127,0.28,0.433,8
416,0.155,0.088175960442742,0.047,0.14,0.306,8
417,0.275,0.12072696467649636,0.127,0.26,0.466,8
418,0.215,0.14413535305399575,-0.019,0.24,0.4,8
419,0.25,0.11090536506409418,0.12,0.22,0.433,8
420,0.15500000000000003,0.12237238250520417,-0.08499999999999999,0.18,0.306,8
421,0.16000000000000003,0.09797958971132713,0.007000000000000001,0.16,0.28,8
422,0.23,0.12609520212918493,0.12,0.2,0.4780000000000001,8
423,0.18,0.14142135623730953,-0.033,0.2,0.353,8
424,0.33999999999999997,0.10392304845413264,0.174,0.33999999999999997,0.473,8
425,0.30000000000000004,0.150996688705415,0.009000000000000001,0.30000000000000004,0.473,8
426,0.225,0.08703447592764606,0.087,0.26,0.32,8
427,0.195,0.08587782018658834,0.061,0.18,0.32,8
428,0.29500000000000004,0.10185774393731682,0.2,0.28,0.49200000000000005,8
429,0.28,0.09797958971132713,0.134,0.28,0.4,8
430,0.125,0.11565033506220378,-0.092,0.16,0.24,8
431,0.08,0.15874507866387544,-0.205,0.08,0.273,8
432,0.27,0.10148891565092219,0.127,0.26,0.433,8
433,0.32,0.14282856857085702,0.101,0.32,0.513,8
434,0.30000000000000004,0.1341640786499874,0.094,0.33999999999999997,0.49900000000000005,8
435,0.28,0.10770329614269007,0.101,0.30000000000000004,0.426,8
436,0.325,0.1362901317043901,0.061,0.38,0.44,8
437,0.3,0.10954451150103323,0.108,0.32,0.459,8
438,0.195,0.13332291625973383,0.021,0.16,0.445,8
439,0.385,0.119895788082818,0.162,0.38,0.546,8
440,0.28,0.15874507866387544,0.047,0.36,0.44,8
441,0.345,0.07729812416870153,0.247,0.33999999999999997,0.473,8
442,0.29000000000000004,0.059160797830996155,0.20700000000000002,0.28,0.393,8
443,0.14500000000000002,0.11651180197731044,-0.033,0.16,0.306,8
444,0.24500000000000002,0.09473647660748208,0.068,0.26,0.37900000000000006,8
445,0.35,0.11445523142259596,0.167,0.36,0.48,8
446,0.235,0.08351646544245032,0.12,0.24000000000000002,0.353,8
447,0.33499999999999996,0.07466592261534039,0.247,0.32,0.466,8
448,0.2,0.16970562748477142,0.04,0.16,0.473,8
449,0.225,0.11989578808281799,0.087,0.22,0.445,8
450,0.23500000000000001,0.16904141504376968,0.007000000000000001,0.26,0.466,8
451,0.265,0.11302654555457316,0.094,0.26,0.4,8
452,0.315,0.16424067705656842,0.087,0.30000000000000004,0.579,8
453,0.18,0.09999999999999999,0.08,0.14,0.353,8
454,0.38,0.07211102550927978,0.28700000000000003,0.38,0.506,8
455,0.28500000000000003,0.10283481900601567,0.16,0.32,0.4,8
456,0.3,0.10770329614269007,0.101,0.32,0.433,8
457,0.13999999999999999,0.1341640786499874,-0.059,0.1,0.34600000000000003,8
458,0.155,0.06763874629234341,0.047,0.16,0.24,8
459,0.32,0.12328828005937953,0.2,0.28,0.546,8
460,0.22000000000000003,0.11489125293076057,0.08,0.2,0.41900000000000004,8
461,0.22999999999999998,0.13820274961085252,0.047,0.22,0.44,8
462,0.34500000000000003,0.11651180197731043,0.20700000000000002,0.32,0.5650000000000001,8
463,0.13,0.1493318452306808,-0.09899999999999999,0.14,0.313,8
464,0.16499999999999998,0.10087120500916007,0.007000000000000001,0.16,0.313,8
465,0.18,0.09591663046625439,0.047,0.18,0.339,8
466,0.16,0.10392304845413264,0.04,0.16,0.32,8
467,0.16,0.18439088914585777,-0.203,0.16,0.37900000000000006,8
468,0.21500000000000002,0.08231038816577164,0.094,0.2,0.32,8
469,0.19,0.08888194417315588,0.054,0.18,0.339,8
470,0.24000000000000002,0.08485281374238571,0.094,0.26,0.353,8
471,0.28,0.1673320053068151,0.014000000000000002,0.30000000000000004,0.506,8
472,0.23500000000000004,0.1377497731395591,-0.038,0.28,0.386,8
473,0.19,0.13379088160259653,0.014000000000000002,0.18,0.393,8
474,0.32499999999999996,0.12399596767637244,0.127,0.33999999999999997,0.473,8
475,0.215,0.11478240283248997,0.054,0.2,0.386,8
476,0.31,0.15459624833740307,0.035,0.32,0.539,8
477,0.27,0.09327379053088815,0.134,0.28,0.426,8
478,0.355,0.07858116822750856,0.247,0.36,0.49900000000000005,8
479,0.275,0.16904141504376968,0.007000000000000001,0.30000000000000004,0.506,8
480,0.385,0.18540496217739158,0.12,0.38,0.6,8
481,0.245,0.14203872711341792,0.021,0.22,0.459,8
482,0.185,0.11302654555457314,0.047,0.16,0.405,8
483,0.35500000000000004,0.09682458365518543,0.20700000000000002,0.36,0.506,8
484,0.3350000000000001,0.08930285549745876,0.181,0.33999999999999997,0.44,8
485,0.23500000000000001,0.06144102863722254,0.16,0.26,0.313,8
486,0.365,0.09260129588726067,0.21400000000000002,0.38,0.506,8
487,0.29000000000000004,0.14662878298615178,0.16,0.22,0.52,8
488,0.375,0.10380269746013347,0.20700000000000002,0.38,0.513,8
489,0.305,0.142741024236202,0.094,0.30000000000000004,0.539,8
490,0.165,0.088175960442742,0.04,0.18,0.28,8
491,0.19,0.2161018278497431,-0.11299999999999999,0.16,0.473,8
492,0.28500000000000003,0.11905880899790658,0.068,0.30000000000000004,0.433,8
493,0.255,0.15483862567202022,0.047,0.26,0.473,8
494,0.255,0.17656443583009573,0.014000000000000002,0.28,0.558,8
495,0.195,0.0733143914930759,0.12,0.18,0.313,8
496,0.135,0.1355544171172596,-0.033,0.16,0.36500000000000005,8
497,0.335,0.1455163221085525,0.068,0.38,0.506,8
498,0.32,0.1019803902718557,0.167,0.33999999999999997,0.44,8
499,0.39,0.0888819441731559,0.247,0.4,0.513,8
