experiment_name,experiment_slug,execution_mode,search_name,search_slug,split_kind,outer_num_folds,test_fold_id,candidate_name,candidate_slug,candidate_index,cv_fold_id,num_training_slots,num_validation_slots,num_post_s_validation_slots,fit_path,status,fit_loss,validation_loss,validation_brier_score,validation_ece,post_s_validation_loss,post_s_validation_brier_score,post_s_validation_ece,validation_mean_magnetization_abs_diff,validation_observed_mean_magnetization,validation_sampled_mean_magnetization_mean,post_s_validation_mean_magnetization_abs_diff,post_s_validation_observed_mean_magnetization,post_s_validation_sampled_mean_magnetization_mean
confounding_strong,confounding_strong,cv,treatment_shared_unit,treatment_shared_unit,train_cv,6,1,treatment_shared_unit__candidate_0001,treatment_shared_unit_candidate_0001,1,1,15063,3146,3146,/orcd/home/002/phevosp/MPLE-Causal-Inference/experiments/Synthetic/confounding_strong/cv_runs_baselines/treatment_shared_unit/candidates/treatment_shared_unit_candidate_0001/fold_1,completed,0.6147196520969775,0.6787305873106814,0.23821311239802798,0.03842704325109388,0.6787305873106814,0.23821311239802798,0.03842704325109388,0.019429434202161474,0.01652892561983471,-0.0029005085823267636,0.019429434202161474,0.01652892561983471,-0.0029005085823267636
confounding_strong,confounding_strong,cv,treatment_shared_unit,treatment_shared_unit,train_cv,6,1,treatment_shared_unit__candidate_0001,treatment_shared_unit_candidate_0001,1,2,15000,3140,3140,/orcd/home/002/phevosp/MPLE-Causal-Inference/experiments/Synthetic/confounding_strong/cv_runs_baselines/treatment_shared_unit/candidates/treatment_shared_unit_candidate_0001/fold_2,completed,0.6168390015250739,0.6911196843694534,0.24078100228815963,0.0356117218016432,0.6911196843694534,0.24078100228815963,0.0356117218016432,0.008598726114649681,-0.011464968152866241,-0.0028662420382165603,0.008598726114649681,-0.011464968152866241,-0.0028662420382165603
confounding_strong,confounding_strong,cv,treatment_shared_unit,treatment_shared_unit,train_cv,6,1,treatment_shared_unit__candidate_0001,treatment_shared_unit_candidate_0001,1,3,15025,3140,3140,/orcd/home/002/phevosp/MPLE-Causal-Inference/experiments/Synthetic/confounding_strong/cv_runs_baselines/treatment_shared_unit/candidates/treatment_shared_unit_candidate_0001/fold_3,completed,0.6118044843396953,0.6957571120430873,0.24175528910006505,0.05155331864345329,0.6957571120430873,0.24175528910006505,0.05155331864345329,0.031886942675159236,0.04076433121019108,0.008877388535031847,0.031886942675159236,0.04076433121019108,0.008877388535031847
confounding_strong,confounding_strong,cv,treatment_shared_unit,treatment_shared_unit,train_cv,6,1,treatment_shared_unit__candidate_0001,treatment_shared_unit_candidate_0001,1,4,15028,3142,3142,/orcd/home/002/phevosp/MPLE-Causal-Inference/experiments/Synthetic/confounding_strong/cv_runs_baselines/treatment_shared_unit/candidates/treatment_shared_unit_candidate_0001/fold_4,completed,0.6159951806427393,0.6894005174250439,0.2395149846092445,0.04149348183931498,0.6894005174250439,0.2395149846092445,0.04149348183931498,0.014759707192870786,-0.03564608529598982,-0.02088637810311903,0.014759707192870786,-0.03564608529598982,-0.02088637810311903
confounding_strong,confounding_strong,cv,treatment_shared_unit,treatment_shared_unit,train_cv,6,1,treatment_shared_unit__candidate_0001,treatment_shared_unit_candidate_0001,1,5,15026,3144,3144,/orcd/home/002/phevosp/MPLE-Causal-Inference/experiments/Synthetic/confounding_strong/cv_runs_baselines/treatment_shared_unit/candidates/treatment_shared_unit_candidate_0001/fold_5,completed,0.6146563026415218,0.6897819033591134,0.241385985672679,0.04550268399010152,0.6897819033591134,0.241385985672679,0.04550268399010152,0.013319020356234097,-0.005089058524173028,0.008229961832061069,0.013319020356234097,-0.005089058524173028,0.008229961832061069
confounding_strong,confounding_strong,cv,treatment_shared_unit,treatment_shared_unit,train_cv,6,1,treatment_shared_unit__candidate_0001,treatment_shared_unit_candidate_0001,1,6,15026,3142,3142,/orcd/home/002/phevosp/MPLE-Causal-Inference/experiments/Synthetic/confounding_strong/cv_runs_baselines/treatment_shared_unit/candidates/treatment_shared_unit_candidate_0001/fold_6,completed,0.6145376888576748,0.7038793822069251,0.24583823632768273,0.05724330450394712,0.7038793822069251,0.24583823632768273,0.05724330450394712,0.01464035646085296,-0.01464035646085296,2.710505431213761e-20,0.01464035646085296,-0.01464035646085296,2.710505431213761e-20
confounding_strong,confounding_strong,cv,treatment_shared_unit,treatment_shared_unit,train_cv,6,1,treatment_shared_unit__candidate_0001,treatment_shared_unit_candidate_0001,1,7,15026,3146,3146,/orcd/home/002/phevosp/MPLE-Causal-Inference/experiments/Synthetic/confounding_strong/cv_runs_baselines/treatment_shared_unit/candidates/treatment_shared_unit_candidate_0001/fold_7,completed,0.6159609548041346,0.6838418218422507,0.24163176545593587,0.05019920315865619,0.6838418218422507,0.24163176545593587,0.05019920315865619,0.01390654799745709,0.01652892561983471,0.002622377622377622,0.01390654799745709,0.01652892561983471,0.002622377622377622
confounding_strong,confounding_strong,cv,treatment_shared_unit,treatment_shared_unit,train_cv,6,1,treatment_shared_unit__candidate_0002,treatment_shared_unit_candidate_0002,2,1,15063,3146,3146,/orcd/home/002/phevosp/MPLE-Causal-Inference/experiments/Synthetic/confounding_strong/cv_runs_baselines/treatment_shared_unit/candidates/treatment_shared_unit_candidate_0002/fold_1,completed,0.6164943903535876,0.6691634549761747,0.23697374859917889,0.032567714125424925,0.6691634549761747,0.23697374859917889,0.032567714125424925,0.0185553083280356,0.01652892561983471,-0.00202638270820089,0.0185553083280356,0.01652892561983471,-0.00202638270820089
confounding_strong,confounding_strong,cv,treatment_shared_unit,treatment_shared_unit,train_cv,6,1,treatment_shared_unit__candidate_0002,treatment_shared_unit_candidate_0002,2,2,15000,3140,3140,/orcd/home/002/phevosp/MPLE-Causal-Inference/experiments/Synthetic/confounding_strong/cv_runs_baselines/treatment_shared_unit/candidates/treatment_shared_unit_candidate_0002/fold_2,completed,0.6182675232770399,0.6768143727364914,0.2392228786711825,0.03896837222103673,0.6768143727364914,0.2392228786711825,0.03896837222103673,0.006329617834394903,-0.011464968152866241,-0.005135350318471338,0.006329617834394903,-0.011464968152866241,-0.005135350318471338
confounding_strong,confounding_strong,cv,treatment_shared_unit,treatment_shared_unit,train_cv,6,1,treatment_shared_unit__candidate_0002,treatment_shared_unit_candidate_0002,2,3,15025,3140,3140,/orcd/home/002/phevosp/MPLE-Causal-Inference/experiments/Synthetic/confounding_strong/cv_runs_baselines/treatment_shared_unit/candidates/treatment_shared_unit_candidate_0002/fold_3,completed,0.6134756153849628,0.6792987409989927,0.23969435333483097,0.04185124156835455,0.6792987409989927,0.23969435333483097,0.04185124156835455,0.02738853503184713,0.04076433121019108,0.01337579617834395,0.02738853503184713,0.04076433121019108,0.01337579617834395
confounding_strong,confounding_strong,cv,treatment_shared_unit,treatment_shared_unit,train_cv,6,1,treatment_shared_unit__candidate_0002,treatment_shared_unit_candidate_0002,2,4,15028,3142,3142,/orcd/home/002/phevosp/MPLE-Causal-Inference/experiments/Synthetic/confounding_strong/cv_runs_baselines/treatment_shared_unit/candidates/treatment_shared_unit_candidate_0002/fold_4,completed,0.6176488565962459,0.6742125715891214,0.23749580707586354,0.03700774430508071,0.6742125715891214,0.23749580707586354,0.03700774430508071,0.01774347549331636,-0.03564608529598982,-0.017902609802673455,0.01774347549331636,-0.03564608529598982,-0.017902609802673455
confounding_strong,confounding_strong,cv,treatment_shared_unit,treatment_shared_unit,train_cv,6,1,treatment_shared_unit__candidate_0002,treatment_shared_unit_candidate_0002,2,5,15026,3144,3144,/orcd/home/002/phevosp/MPLE-Causal-Inference/experiments/Synthetic/confounding_strong/cv_runs_baselines/treatment_shared_unit/candidates/treatment_shared_unit_candidate_0002/fold_5,completed,0.6161451207387,0.6769465385768457,0.23966016056100467,0.04129506726282384,0.6769465385768457,0.23966016056100467,0.04129506726282384,0.011887722646310432,-0.005089058524173028,0.006798664122137404,0.011887722646310432,-0.005089058524173028,0.006798664122137404
confounding_strong,confounding_strong,cv,treatment_shared_unit,treatment_shared_unit,train_cv,6,1,treatment_shared_unit__candidate_0002,treatment_shared_unit_candidate_0002,2,6,15026,3142,3142,/orcd/home/002/phevosp/MPLE-Causal-Inference/experiments/Synthetic/confounding_strong/cv_runs_baselines/treatment_shared_unit/candidates/treatment_shared_unit_candidate_0002/fold_6,completed,0.6159344600295111,0.6864370457432458,0.24313589130096228,0.04175431022888784,0.6864370457432458,0.24313589130096228,0.04175431022888784,0.016709102482495228,-0.01464035646085296,0.002068746021642266,0.016709102482495228,-0.01464035646085296,0.002068746021642266
confounding_strong,confounding_strong,cv,treatment_shared_unit,treatment_shared_unit,train_cv,6,1,treatment_shared_unit__candidate_0002,treatment_shared_unit_candidate_0002,2,7,15026,3146,3146,/orcd/home/002/phevosp/MPLE-Causal-Inference/experiments/Synthetic/confounding_strong/cv_runs_baselines/treatment_shared_unit/candidates/treatment_shared_unit_candidate_0002/fold_7,completed,0.6171620347994565,0.6773409175302257,0.24092708927882156,0.051015003539460625,0.6773409175302257,0.24092708927882156,0.051015003539460625,0.014303877940241577,0.01652892561983471,0.0022250476795931343,0.014303877940241577,0.01652892561983471,0.0022250476795931343
confounding_strong,confounding_strong,cv,treatment_shared_unit,treatment_shared_unit,train_cv,6,1,treatment_shared_unit__candidate_0003,treatment_shared_unit_candidate_0003,3,1,15063,3146,3146,/orcd/home/002/phevosp/MPLE-Causal-Inference/experiments/Synthetic/confounding_strong/cv_runs_baselines/treatment_shared_unit/candidates/treatment_shared_unit_candidate_0003/fold_1,completed,0.6177812579969678,0.6657305168229327,0.23632958519912803,0.03186776059180306,0.6657305168229327,0.23632958519912803,0.03186776059180306,0.0186347743165925,0.01652892561983471,-0.002105848696757788,0.0186347743165925,0.01652892561983471,-0.002105848696757788
confounding_strong,confounding_strong,cv,treatment_shared_unit,treatment_shared_unit,train_cv,6,1,treatment_shared_unit__candidate_0003,treatment_shared_unit_candidate_0003,3,2,15000,3140,3140,/orcd/home/002/phevosp/MPLE-Causal-Inference/experiments/Synthetic/confounding_strong/cv_runs_baselines/treatment_shared_unit/candidates/treatment_shared_unit_candidate_0003/fold_2,completed,0.6194834858685169,0.6718443839949295,0.2382969412151404,0.03394826977046954,0.6718443839949295,0.2382969412151404,0.03394826977046954,0.007404458598726114,-0.011464968152866241,-0.004060509554140127,0.007404458598726114,-0.011464968152866241,-0.004060509554140127
confounding_strong,confounding_strong,cv,treatment_shared_unit,treatment_shared_unit,train_cv,6,1,treatment_shared_unit__candidate_0003,treatment_shared_unit_candidate_0003,3,3,15025,3140,3140,/orcd/home/002/phevosp/MPLE-Causal-Inference/experiments/Synthetic/confounding_strong/cv_runs_baselines/treatment_shared_unit/candidates/treatment_shared_unit_candidate_0003/fold_3,completed,0.6149245027205388,0.6737758509743433,0.23866904936679956,0.03557545191127318,0.6737758509743433,0.23866904936679956,0.03557545191127318,0.026711783439490443,0.04076433121019108,0.014052547770700637,0.026711783439490443,0.04076433121019108,0.014052547770700637
confounding_strong,confounding_strong,cv,treatment_shared_unit,treatment_shared_unit,train_cv,6,1,treatment_shared_unit__candidate_0003,treatment_shared_unit_candidate_0003,3,4,15028,3142,3142,/orcd/home/002/phevosp/MPLE-Causal-Inference/experiments/Synthetic/confounding_strong/cv_runs_baselines/treatment_shared_unit/candidates/treatment_shared_unit_candidate_0003/fold_4,completed,0.6189623514214186,0.668775298708478,0.23650165210525778,0.034904661982387494,0.668775298708478,0.23650165210525778,0.034904661982387494,0.017703691915977086,-0.03564608529598982,-0.01794239338001273,0.017703691915977086,-0.03564608529598982,-0.01794239338001273
confounding_strong,confounding_strong,cv,treatment_shared_unit,treatment_shared_unit,train_cv,6,1,treatment_shared_unit__candidate_0003,treatment_shared_unit_candidate_0003,3,5,15026,3144,3144,/orcd/home/002/phevosp/MPLE-Causal-Inference/experiments/Synthetic/confounding_strong/cv_runs_baselines/treatment_shared_unit/candidates/treatment_shared_unit_candidate_0003/fold_5,completed,0.6174643918378759,0.6725336512409394,0.23888294292906667,0.03634687835680068,0.6725336512409394,0.23888294292906667,0.03634687835680068,0.011410623409669212,-0.005089058524173028,0.006321564885496183,0.011410623409669212,-0.005089058524173028,0.006321564885496183
confounding_strong,confounding_strong,cv,treatment_shared_unit,treatment_shared_unit,train_cv,6,1,treatment_shared_unit__candidate_0003,treatment_shared_unit_candidate_0003,3,6,15026,3142,3142,/orcd/home/002/phevosp/MPLE-Causal-Inference/experiments/Synthetic/confounding_strong/cv_runs_baselines/treatment_shared_unit/candidates/treatment_shared_unit_candidate_0003/fold_6,completed,0.6170949008129599,0.6798980331379054,0.24173706512668974,0.0361951106572258,0.6798980331379054,0.24173706512668974,0.0361951106572258,0.016351050286441758,-0.01464035646085296,0.0017106938255887967,0.016351050286441758,-0.01464035646085296,0.0017106938255887967
confounding_strong,confounding_strong,cv,treatment_shared_unit,treatment_shared_unit,train_cv,6,1,treatment_shared_unit__candidate_0003,treatment_shared_unit_candidate_0003,3,7,15026,3146,3146,/orcd/home/002/phevosp/MPLE-Causal-Inference/experiments/Synthetic/confounding_strong/cv_runs_baselines/treatment_shared_unit/candidates/treatment_shared_unit_candidate_0003/fold_7,completed,0.6182867933915059,0.6737390504922994,0.24006063007792805,0.044036297386132246,0.6737390504922994,0.24006063007792805,0.044036297386132246,0.014979338842975207,0.01652892561983471,0.0015495867768595035,0.014979338842975207,0.01652892561983471,0.0015495867768595035
confounding_strong,confounding_strong,cv,treatment_shared_unit,treatment_shared_unit,train_cv,6,1,treatment_shared_unit__candidate_0004,treatment_shared_unit_candidate_0004,4,1,15063,3146,3146,/orcd/home/002/phevosp/MPLE-Causal-Inference/experiments/Synthetic/confounding_strong/cv_runs_baselines/treatment_shared_unit/candidates/treatment_shared_unit_candidate_0004/fold_1,completed,0.6296812783857663,0.6626729255705734,0.2356210769295425,0.015607673859157295,0.6626729255705734,0.2356210769295425,0.015607673859157295,0.020144628099173556,0.01652892561983471,-0.003615702479338843,0.020144628099173556,0.01652892561983471,-0.003615702479338843
confounding_strong,confounding_strong,cv,treatment_shared_unit,treatment_shared_unit,train_cv,6,1,treatment_shared_unit__candidate_0004,treatment_shared_unit_candidate_0004,4,2,15000,3140,3140,/orcd/home/002/phevosp/MPLE-Causal-Inference/experiments/Synthetic/confounding_strong/cv_runs_baselines/treatment_shared_unit/candidates/treatment_shared_unit_candidate_0004/fold_2,completed,0.631205678234113,0.6628403018869324,0.2355676773787964,0.012265445548731825,0.6628403018869324,0.2355676773787964,0.012265445548731825,0.011504777070063693,-0.011464968152866241,3.980891719745287e-05,0.011504777070063693,-0.011464968152866241,3.980891719745287e-05
confounding_strong,confounding_strong,cv,treatment_shared_unit,treatment_shared_unit,train_cv,6,1,treatment_shared_unit__candidate_0004,treatment_shared_unit_candidate_0004,4,3,15025,3140,3140,/orcd/home/002/phevosp/MPLE-Causal-Inference/experiments/Synthetic/confounding_strong/cv_runs_baselines/treatment_shared_unit/candidates/treatment_shared_unit_candidate_0004/fold_3,completed,0.627969558450268,0.6651106731200005,0.23644698956787344,0.02050481846548103,0.6651106731200005,0.23644698956787344,0.02050481846548103,0.029777070063694264,0.04076433121019108,0.010987261146496816,0.029777070063694264,0.04076433121019108,0.010987261146496816
confounding_strong,confounding_strong,cv,treatment_shared_unit,treatment_shared_unit,train_cv,6,1,treatment_shared_unit__candidate_0004,treatment_shared_unit_candidate_0004,4,4,15028,3142,3142,/orcd/home/002/phevosp/MPLE-Causal-Inference/experiments/Synthetic/confounding_strong/cv_runs_baselines/treatment_shared_unit/candidates/treatment_shared_unit_candidate_0004/fold_4,completed,0.6271949002925773,0.6604477712046728,0.23432691340059375,0.022770553142969326,0.6604477712046728,0.23432691340059375,0.022770553142969326,0.021522915340547424,-0.03564608529598982,-0.014123169955442393,0.021522915340547424,-0.03564608529598982,-0.014123169955442393
confounding_strong,confounding_strong,cv,treatment_shared_unit,treatment_shared_unit,train_cv,6,1,treatment_shared_unit__candidate_0004,treatment_shared_unit_candidate_0004,4,5,15026,3144,3144,/orcd/home/002/phevosp/MPLE-Causal-Inference/experiments/Synthetic/confounding_strong/cv_runs_baselines/treatment_shared_unit/candidates/treatment_shared_unit_candidate_0004/fold_5,completed,0.629275903322039,0.6648590612675598,0.236636536413138,0.02345001110667507,0.6648590612675598,0.236636536413138,0.02345001110667507,0.007275763358778627,-0.005089058524173028,0.0021867048346055984,0.007275763358778627,-0.005089058524173028,0.0021867048346055984
confounding_strong,confounding_strong,cv,treatment_shared_unit,treatment_shared_unit,train_cv,6,1,treatment_shared_unit__candidate_0004,treatment_shared_unit_candidate_0004,4,6,15026,3142,3142,/orcd/home/002/phevosp/MPLE-Causal-Inference/experiments/Synthetic/confounding_strong/cv_runs_baselines/treatment_shared_unit/candidates/treatment_shared_unit_candidate_0004/fold_6,completed,0.629334284186559,0.6655129411107418,0.2369279302199867,0.011984338310844726,0.6655129411107418,0.2369279302199867,0.011984338310844726,0.018976766390833864,-0.01464035646085296,0.004336409929980904,0.018976766390833864,-0.01464035646085296,0.004336409929980904
confounding_strong,confounding_strong,cv,treatment_shared_unit,treatment_shared_unit,train_cv,6,1,treatment_shared_unit__candidate_0004,treatment_shared_unit_candidate_0004,4,7,15026,3146,3146,/orcd/home/002/phevosp/MPLE-Causal-Inference/experiments/Synthetic/confounding_strong/cv_runs_baselines/treatment_shared_unit/candidates/treatment_shared_unit_candidate_0004/fold_7,completed,0.6300108612187713,0.6672057683869718,0.23777904187794832,0.029117622280875458,0.6672057683869718,0.23777904187794832,0.029117622280875458,0.013707883026064845,0.01652892561983471,0.0028210425937698663,0.013707883026064845,0.01652892561983471,0.0028210425937698663
confounding_strong,confounding_strong,cv,treatment_shared_unit,treatment_shared_unit,train_cv,6,1,treatment_shared_unit__candidate_0005,treatment_shared_unit_candidate_0005,5,1,15063,3146,3146,/orcd/home/002/phevosp/MPLE-Causal-Inference/experiments/Synthetic/confounding_strong/cv_runs_baselines/treatment_shared_unit/candidates/treatment_shared_unit_candidate_0005/fold_1,completed,0.6345414196041468,0.6617111107577864,0.23504221975877407,0.014119565697660486,0.6617111107577864,0.23504221975877407,0.014119565697660486,0.019151303242212335,0.01652892561983471,-0.002622377622377623,0.019151303242212335,0.01652892561983471,-0.002622377622377623
confounding_strong,confounding_strong,cv,treatment_shared_unit,treatment_shared_unit,train_cv,6,1,treatment_shared_unit__candidate_0005,treatment_shared_unit_candidate_0005,5,2,15000,3140,3140,/orcd/home/002/phevosp/MPLE-Causal-Inference/experiments/Synthetic/confounding_strong/cv_runs_baselines/treatment_shared_unit/candidates/treatment_shared_unit_candidate_0005/fold_2,completed,0.6355633019703479,0.6634942979887244,0.2358127187541105,0.0183110735255171,0.6634942979887244,0.2358127187541105,0.0183110735255171,0.010270700636942675,-0.011464968152866241,-0.0011942675159235662,0.010270700636942675,-0.011464968152866241,-0.0011942675159235662
confounding_strong,confounding_strong,cv,treatment_shared_unit,treatment_shared_unit,train_cv,6,1,treatment_shared_unit__candidate_0005,treatment_shared_unit_candidate_0005,5,3,15025,3140,3140,/orcd/home/002/phevosp/MPLE-Causal-Inference/experiments/Synthetic/confounding_strong/cv_runs_baselines/treatment_shared_unit/candidates/treatment_shared_unit_candidate_0005/fold_3,completed,0.6324634509583873,0.6637492346960527,0.23583490157554565,0.019262372907625582,0.6637492346960527,0.23583490157554565,0.019262372907625582,0.029458598726114647,0.04076433121019108,0.011305732484076434,0.029458598726114647,0.04076433121019108,0.011305732484076434
confounding_strong,confounding_strong,cv,treatment_shared_unit,treatment_shared_unit,train_cv,6,1,treatment_shared_unit__candidate_0005,treatment_shared_unit_candidate_0005,5,4,15028,3142,3142,/orcd/home/002/phevosp/MPLE-Causal-Inference/experiments/Synthetic/confounding_strong/cv_runs_baselines/treatment_shared_unit/candidates/treatment_shared_unit_candidate_0005/fold_4,completed,0.6354475836325139,0.6612636698521561,0.23469311199529347,0.021181994512698067,0.6612636698521561,0.23469311199529347,0.021181994512698067,0.02414863144493953,-0.03564608529598982,-0.011497453851050287,0.02414863144493953,-0.03564608529598982,-0.011497453851050287
confounding_strong,confounding_strong,cv,treatment_shared_unit,treatment_shared_unit,train_cv,6,1,treatment_shared_unit__candidate_0005,treatment_shared_unit_candidate_0005,5,5,15026,3144,3144,/orcd/home/002/phevosp/MPLE-Causal-Inference/experiments/Synthetic/confounding_strong/cv_runs_baselines/treatment_shared_unit/candidates/treatment_shared_unit_candidate_0005/fold_5,completed,0.6341326104891584,0.6633108733334991,0.2357760058442575,0.018637368701764186,0.6633108733334991,0.2357760058442575,0.018637368701764186,0.00822996183206107,-0.005089058524173028,0.003140903307888041,0.00822996183206107,-0.005089058524173028,0.003140903307888041
confounding_strong,confounding_strong,cv,treatment_shared_unit,treatment_shared_unit,train_cv,6,1,treatment_shared_unit__candidate_0005,treatment_shared_unit_candidate_0005,5,6,15026,3142,3142,/orcd/home/002/phevosp/MPLE-Causal-Inference/experiments/Synthetic/confounding_strong/cv_runs_baselines/treatment_shared_unit/candidates/treatment_shared_unit_candidate_0005/fold_6,completed,0.6337986281209381,0.6669391502858992,0.23747666500336329,0.02092419039660006,0.6669391502858992,0.23747666500336329,0.02092419039660006,0.018459579885423297,-0.01464035646085296,0.0038192234245703377,0.018459579885423297,-0.01464035646085296,0.0038192234245703377
confounding_strong,confounding_strong,cv,treatment_shared_unit,treatment_shared_unit,train_cv,6,1,treatment_shared_unit__candidate_0005,treatment_shared_unit_candidate_0005,5,7,15026,3146,3146,/orcd/home/002/phevosp/MPLE-Causal-Inference/experiments/Synthetic/confounding_strong/cv_runs_baselines/treatment_shared_unit/candidates/treatment_shared_unit_candidate_0005/fold_7,completed,0.6345010458828799,0.6671296381440479,0.2376223523421492,0.012028542669962724,0.6671296381440479,0.2376223523421492,0.012028542669962724,0.014383343928798475,0.01652892561983471,0.0021455816910362366,0.014383343928798475,0.01652892561983471,0.0021455816910362366
confounding_strong,confounding_strong,cv,treatment_shared_unit,treatment_shared_unit,train_cv,6,1,treatment_shared_unit__candidate_0006,treatment_shared_unit_candidate_0006,6,1,15063,3146,3146,/orcd/home/002/phevosp/MPLE-Causal-Inference/experiments/Synthetic/confounding_strong/cv_runs_baselines/treatment_shared_unit/candidates/treatment_shared_unit_candidate_0006/fold_1,completed,0.6645239205392378,0.6759544320107667,0.24149235937182884,0.0523304251098871,0.6759544320107667,0.24149235937182884,0.0523304251098871,0.021058486967577877,0.01652892561983471,-0.0045295613477431655,0.021058486967577877,0.01652892561983471,-0.0045295613477431655
confounding_strong,confounding_strong,cv,treatment_shared_unit,treatment_shared_unit,train_cv,6,1,treatment_shared_unit__candidate_0006,treatment_shared_unit_candidate_0006,6,2,15000,3140,3140,/orcd/home/002/phevosp/MPLE-Causal-Inference/experiments/Synthetic/confounding_strong/cv_runs_baselines/treatment_shared_unit/candidates/treatment_shared_unit_candidate_0006/fold_2,completed,0.6649562720214535,0.6762087660917155,0.24161470227946827,0.05081017099456819,0.6762087660917155,0.24161470227946827,0.05081017099456819,0.012818471337579617,-0.011464968152866241,0.0013535031847133757,0.012818471337579617,-0.011464968152866241,0.0013535031847133757
confounding_strong,confounding_strong,cv,treatment_shared_unit,treatment_shared_unit,train_cv,6,1,treatment_shared_unit__candidate_0006,treatment_shared_unit_candidate_0006,6,3,15025,3140,3140,/orcd/home/002/phevosp/MPLE-Causal-Inference/experiments/Synthetic/confounding_strong/cv_runs_baselines/treatment_shared_unit/candidates/treatment_shared_unit_candidate_0006/fold_3,completed,0.6635569224481791,0.676435978194754,0.24172086577695578,0.06268586033045008,0.676435978194754,0.24172086577695578,0.06268586033045008,0.031289808917197445,0.04076433121019108,0.009474522292993632,0.031289808917197445,0.04076433121019108,0.009474522292993632
confounding_strong,confounding_strong,cv,treatment_shared_unit,treatment_shared_unit,train_cv,6,1,treatment_shared_unit__candidate_0006,treatment_shared_unit_candidate_0006,6,4,15028,3142,3142,/orcd/home/002/phevosp/MPLE-Causal-Inference/experiments/Synthetic/confounding_strong/cv_runs_baselines/treatment_shared_unit/candidates/treatment_shared_unit_candidate_0006/fold_4,completed,0.6648624255925675,0.6755121074947997,0.24126797594126936,0.06596970076166134,0.6755121074947997,0.24126797594126936,0.06596970076166134,0.03274188415022279,-0.03564608529598982,-0.0029042011457670277,0.03274188415022279,-0.03564608529598982,-0.0029042011457670277
confounding_strong,confounding_strong,cv,treatment_shared_unit,treatment_shared_unit,train_cv,6,1,treatment_shared_unit__candidate_0006,treatment_shared_unit_candidate_0006,6,5,15026,3144,3144,/orcd/home/002/phevosp/MPLE-Causal-Inference/experiments/Synthetic/confounding_strong/cv_runs_baselines/treatment_shared_unit/candidates/treatment_shared_unit_candidate_0006/fold_5,completed,0.6642438142211049,0.6760517933459782,0.24153862925111214,0.05026040265778021,0.6760517933459782,0.24153862925111214,0.05026040265778021,0.007673346055979644,-0.005089058524173028,0.0025842875318066155,0.007673346055979644,-0.005089058524173028,0.0025842875318066155
confounding_strong,confounding_strong,cv,treatment_shared_unit,treatment_shared_unit,train_cv,6,1,treatment_shared_unit__candidate_0006,treatment_shared_unit_candidate_0006,6,6,15026,3142,3142,/orcd/home/002/phevosp/MPLE-Causal-Inference/experiments/Synthetic/confounding_strong/cv_runs_baselines/treatment_shared_unit/candidates/treatment_shared_unit_candidate_0006/fold_6,completed,0.6641785413032351,0.6774123729228615,0.24221001695957264,0.05649659832291789,0.6774123729228615,0.24221001695957264,0.05649659832291789,0.017067154678548694,-0.01464035646085296,0.0024267982176957347,0.017067154678548694,-0.01464035646085296,0.0024267982176957347
confounding_strong,confounding_strong,cv,treatment_shared_unit,treatment_shared_unit,train_cv,6,1,treatment_shared_unit__candidate_0006,treatment_shared_unit_candidate_0006,6,7,15026,3146,3146,/orcd/home/002/phevosp/MPLE-Causal-Inference/experiments/Synthetic/confounding_strong/cv_runs_baselines/treatment_shared_unit/candidates/treatment_shared_unit_candidate_0006/fold_7,completed,0.6644700302995438,0.6778582090575983,0.2424350402692907,0.045695891323937504,0.6778582090575983,0.2424350402692907,0.045695891323937504,0.01382708200890019,0.01652892561983471,0.00270184361093452,0.01382708200890019,0.01652892561983471,0.00270184361093452
confounding_strong,confounding_strong,cv,treatment_shared_unit,treatment_shared_unit,train_cv,6,1,treatment_shared_unit__candidate_0007,treatment_shared_unit_candidate_0007,7,1,15063,3146,3146,/orcd/home/002/phevosp/MPLE-Causal-Inference/experiments/Synthetic/confounding_strong/cv_runs_baselines/treatment_shared_unit/candidates/treatment_shared_unit_candidate_0007/fold_1,completed,0.49599256430632366,0.7645210549300888,0.24145206081651763,0.10768896592468699,0.7645210549300888,0.24145206081651763,0.10768896592468699,0.009297520661157025,0.01652892561983471,0.007231404958677686,0.009297520661157025,0.01652892561983471,0.007231404958677686
confounding_strong,confounding_strong,cv,treatment_shared_unit,treatment_shared_unit,train_cv,6,1,treatment_shared_unit__candidate_0007,treatment_shared_unit_candidate_0007,7,2,15000,3140,3140,/orcd/home/002/phevosp/MPLE-Causal-Inference/experiments/Synthetic/confounding_strong/cv_runs_baselines/treatment_shared_unit/candidates/treatment_shared_unit_candidate_0007/fold_2,completed,0.49722153070154396,0.7666320127696052,0.23886656420062247,0.09418123574265973,0.7666320127696052,0.23886656420062247,0.09418123574265973,0.008996815286624207,-0.011464968152866241,-0.020461783439490448,0.008996815286624207,-0.011464968152866241,-0.020461783439490448
confounding_strong,confounding_strong,cv,treatment_shared_unit,treatment_shared_unit,train_cv,6,1,treatment_shared_unit__candidate_0007,treatment_shared_unit_candidate_0007,7,3,15025,3140,3140,/orcd/home/002/phevosp/MPLE-Causal-Inference/experiments/Synthetic/confounding_strong/cv_runs_baselines/treatment_shared_unit/candidates/treatment_shared_unit_candidate_0007/fold_3,completed,0.4885370882963992,0.820016213448568,0.25176429482386903,0.1208987980563836,0.820016213448568,0.25176429482386903,0.1208987980563836,0.02205414012738853,0.04076433121019108,0.01871019108280255,0.02205414012738853,0.04076433121019108,0.01871019108280255
confounding_strong,confounding_strong,cv,treatment_shared_unit,treatment_shared_unit,train_cv,6,1,treatment_shared_unit__candidate_0007,treatment_shared_unit_candidate_0007,7,4,15028,3142,3142,/orcd/home/002/phevosp/MPLE-Causal-Inference/experiments/Synthetic/confounding_strong/cv_runs_baselines/treatment_shared_unit/candidates/treatment_shared_unit_candidate_0007/fold_4,completed,0.4971176541259648,0.7833665938638733,0.2415900702829614,0.10799639098446048,0.7833665938638733,0.2415900702829614,0.10799639098446048,0.013765117759388927,-0.03564608529598982,-0.02188096753660089,0.013765117759388927,-0.03564608529598982,-0.02188096753660089
confounding_strong,confounding_strong,cv,treatment_shared_unit,treatment_shared_unit,train_cv,6,1,treatment_shared_unit__candidate_0007,treatment_shared_unit_candidate_0007,7,5,15026,3144,3144,/orcd/home/002/phevosp/MPLE-Causal-Inference/experiments/Synthetic/confounding_strong/cv_runs_baselines/treatment_shared_unit/candidates/treatment_shared_unit_candidate_0007/fold_5,completed,0.49409338448921214,0.8044943305583278,0.24929386176428625,0.11352245366500323,0.8044943305583278,0.24929386176428625,0.11352245366500323,0.0005963740458015277,-0.005089058524173028,-0.004492684478371501,0.0005963740458015277,-0.005089058524173028,-0.004492684478371501
confounding_strong,confounding_strong,cv,treatment_shared_unit,treatment_shared_unit,train_cv,6,1,treatment_shared_unit__candidate_0007,treatment_shared_unit_candidate_0007,7,6,15026,3142,3142,/orcd/home/002/phevosp/MPLE-Causal-Inference/experiments/Synthetic/confounding_strong/cv_runs_baselines/treatment_shared_unit/candidates/treatment_shared_unit_candidate_0007/fold_6,completed,0.4951204567784933,0.8463977019040864,0.25883617990135493,0.13052483675820364,0.8463977019040864,0.25883617990135493,0.13052483675820364,0.006285805219605346,-0.01464035646085296,-0.020926161680458306,0.006285805219605346,-0.01464035646085296,-0.020926161680458306
confounding_strong,confounding_strong,cv,treatment_shared_unit,treatment_shared_unit,train_cv,6,1,treatment_shared_unit__candidate_0007,treatment_shared_unit_candidate_0007,7,7,15026,3146,3146,/orcd/home/002/phevosp/MPLE-Causal-Inference/experiments/Synthetic/confounding_strong/cv_runs_baselines/treatment_shared_unit/candidates/treatment_shared_unit_candidate_0007/fold_7,completed,0.49701484762694564,0.745205241547665,0.24450363283260135,0.12240395185559715,0.745205241547665,0.24450363283260135,0.12240395185559715,0.017442784488239035,0.01652892561983471,-0.0009138588684043233,0.017442784488239035,0.01652892561983471,-0.0009138588684043233
confounding_strong,confounding_strong,cv,treatment_shared_unit,treatment_shared_unit,train_cv,6,1,treatment_shared_unit__candidate_0008,treatment_shared_unit_candidate_0008,8,1,15063,3146,3146,/orcd/home/002/phevosp/MPLE-Causal-Inference/experiments/Synthetic/confounding_strong/cv_runs_baselines/treatment_shared_unit/candidates/treatment_shared_unit_candidate_0008/fold_1,completed,0.5049652349936433,0.6909211920260265,0.23587932735606668,0.09257766926524365,0.6909211920260265,0.23587932735606668,0.09257766926524365,0.01418467895740623,0.01652892561983471,0.002344246662428481,0.01418467895740623,0.01652892561983471,0.002344246662428481
confounding_strong,confounding_strong,cv,treatment_shared_unit,treatment_shared_unit,train_cv,6,1,treatment_shared_unit__candidate_0008,treatment_shared_unit_candidate_0008,8,2,15000,3140,3140,/orcd/home/002/phevosp/MPLE-Causal-Inference/experiments/Synthetic/confounding_strong/cv_runs_baselines/treatment_shared_unit/candidates/treatment_shared_unit_candidate_0008/fold_2,completed,0.507043592282984,0.6717485465773643,0.22912843003195915,0.0725665998753167,0.6717485465773643,0.22912843003195915,0.0725665998753167,0.00832006369426752,-0.011464968152866241,-0.01978503184713376,0.00832006369426752,-0.011464968152866241,-0.01978503184713376
confounding_strong,confounding_strong,cv,treatment_shared_unit,treatment_shared_unit,train_cv,6,1,treatment_shared_unit__candidate_0008,treatment_shared_unit_candidate_0008,8,3,15025,3140,3140,/orcd/home/002/phevosp/MPLE-Causal-Inference/experiments/Synthetic/confounding_strong/cv_runs_baselines/treatment_shared_unit/candidates/treatment_shared_unit_candidate_0008/fold_3,completed,0.4989994753541045,0.7193885699939395,0.24353553184977536,0.10801450275479192,0.7193885699939395,0.24353553184977536,0.10801450275479192,0.02488057324840764,0.04076433121019108,0.01588375796178344,0.02488057324840764,0.04076433121019108,0.01588375796178344
confounding_strong,confounding_strong,cv,treatment_shared_unit,treatment_shared_unit,train_cv,6,1,treatment_shared_unit__candidate_0008,treatment_shared_unit_candidate_0008,8,4,15028,3142,3142,/orcd/home/002/phevosp/MPLE-Causal-Inference/experiments/Synthetic/confounding_strong/cv_runs_baselines/treatment_shared_unit/candidates/treatment_shared_unit_candidate_0008/fold_4,completed,0.506507947739462,0.6928692239641404,0.2349913949960088,0.09673073175466353,0.6928692239641404,0.2349913949960088,0.09673073175466353,0.013685550604710377,-0.03564608529598982,-0.02196053469127944,0.013685550604710377,-0.03564608529598982,-0.02196053469127944
confounding_strong,confounding_strong,cv,treatment_shared_unit,treatment_shared_unit,train_cv,6,1,treatment_shared_unit__candidate_0008,treatment_shared_unit_candidate_0008,8,5,15026,3144,3144,/orcd/home/002/phevosp/MPLE-Causal-Inference/experiments/Synthetic/confounding_strong/cv_runs_baselines/treatment_shared_unit/candidates/treatment_shared_unit_candidate_0008/fold_5,completed,0.5039131438783451,0.7147484940371056,0.24156580614585366,0.10313838931715308,0.7147484940371056,0.24156580614585366,0.10313838931715308,7.951653944020427e-05,-0.005089058524173028,-0.005009541984732824,7.951653944020427e-05,-0.005089058524173028,-0.005009541984732824
confounding_strong,confounding_strong,cv,treatment_shared_unit,treatment_shared_unit,train_cv,6,1,treatment_shared_unit__candidate_0008,treatment_shared_unit_candidate_0008,8,6,15026,3142,3142,/orcd/home/002/phevosp/MPLE-Causal-Inference/experiments/Synthetic/confounding_strong/cv_runs_baselines/treatment_shared_unit/candidates/treatment_shared_unit_candidate_0008/fold_6,completed,0.5028695890268841,0.699057499135782,0.23614485237948382,0.09058808253331534,0.699057499135782,0.23614485237948382,0.09058808253331534,0.00035805219605346966,-0.01464035646085296,-0.01428230426479949,0.00035805219605346966,-0.01464035646085296,-0.01428230426479949
confounding_strong,confounding_strong,cv,treatment_shared_unit,treatment_shared_unit,train_cv,6,1,treatment_shared_unit__candidate_0008,treatment_shared_unit_candidate_0008,8,7,15026,3146,3146,/orcd/home/002/phevosp/MPLE-Causal-Inference/experiments/Synthetic/confounding_strong/cv_runs_baselines/treatment_shared_unit/candidates/treatment_shared_unit_candidate_0008/fold_7,completed,0.505252291323485,0.6887297782875239,0.23776196126644078,0.10792764685128409,0.6887297782875239,0.23776196126644078,0.10792764685128409,0.015376668785759696,0.01652892561983471,0.0011522568340750154,0.015376668785759696,0.01652892561983471,0.0011522568340750154
confounding_strong,confounding_strong,cv,treatment_shared_unit,treatment_shared_unit,train_cv,6,1,treatment_shared_unit__candidate_0009,treatment_shared_unit_candidate_0009,9,1,15063,3146,3146,/orcd/home/002/phevosp/MPLE-Causal-Inference/experiments/Synthetic/confounding_strong/cv_runs_baselines/treatment_shared_unit/candidates/treatment_shared_unit_candidate_0009/fold_1,completed,0.5104107900515302,0.6692595648666203,0.23224289978533236,0.08388909344345234,0.6692595648666203,0.23224289978533236,0.08388909344345234,0.014065479974570885,0.01652892561983471,0.0024634456452638275,0.014065479974570885,0.01652892561983471,0.0024634456452638275
confounding_strong,confounding_strong,cv,treatment_shared_unit,treatment_shared_unit,train_cv,6,1,treatment_shared_unit__candidate_0009,treatment_shared_unit_candidate_0009,9,2,15000,3140,3140,/orcd/home/002/phevosp/MPLE-Causal-Inference/experiments/Synthetic/confounding_strong/cv_runs_baselines/treatment_shared_unit/candidates/treatment_shared_unit_candidate_0009/fold_2,completed,0.5123257786745353,0.6536306589285539,0.22585442216330626,0.060750056545401956,0.6536306589285539,0.22585442216330626,0.060750056545401956,0.008598726114649685,-0.011464968152866241,-0.020063694267515926,0.008598726114649685,-0.011464968152866241,-0.020063694267515926
confounding_strong,confounding_strong,cv,treatment_shared_unit,treatment_shared_unit,train_cv,6,1,treatment_shared_unit__candidate_0009,treatment_shared_unit_candidate_0009,9,3,15025,3140,3140,/orcd/home/002/phevosp/MPLE-Causal-Inference/experiments/Synthetic/confounding_strong/cv_runs_baselines/treatment_shared_unit/candidates/treatment_shared_unit_candidate_0009/fold_3,completed,0.505101536043301,0.6904997259849149,0.23896655857639676,0.09646878449423994,0.6904997259849149,0.23896655857639676,0.09646878449423994,0.025199044585987256,0.04076433121019108,0.015565286624203823,0.025199044585987256,0.04076433121019108,0.015565286624203823
confounding_strong,confounding_strong,cv,treatment_shared_unit,treatment_shared_unit,train_cv,6,1,treatment_shared_unit__candidate_0009,treatment_shared_unit_candidate_0009,9,4,15028,3142,3142,/orcd/home/002/phevosp/MPLE-Causal-Inference/experiments/Synthetic/confounding_strong/cv_runs_baselines/treatment_shared_unit/candidates/treatment_shared_unit_candidate_0009/fold_4,completed,0.5123865941974113,0.6693150922729936,0.23146745794160892,0.08104770944040976,0.6693150922729936,0.23146745794160892,0.08104770944040976,0.014202737110120944,-0.03564608529598982,-0.021443348185868873,0.014202737110120944,-0.03564608529598982,-0.021443348185868873
confounding_strong,confounding_strong,cv,treatment_shared_unit,treatment_shared_unit,train_cv,6,1,treatment_shared_unit__candidate_0009,treatment_shared_unit_candidate_0009,9,5,15026,3144,3144,/orcd/home/002/phevosp/MPLE-Causal-Inference/experiments/Synthetic/confounding_strong/cv_runs_baselines/treatment_shared_unit/candidates/treatment_shared_unit_candidate_0009/fold_5,completed,0.5099173648448486,0.6872248559137195,0.2373140751759456,0.09280807385584977,0.6872248559137195,0.2373140751759456,0.09280807385584977,0.00047709923664122043,-0.005089058524173028,-0.005566157760814249,0.00047709923664122043,-0.005089058524173028,-0.005566157760814249
confounding_strong,confounding_strong,cv,treatment_shared_unit,treatment_shared_unit,train_cv,6,1,treatment_shared_unit__candidate_0009,treatment_shared_unit_candidate_0009,9,6,15026,3142,3142,/orcd/home/002/phevosp/MPLE-Causal-Inference/experiments/Synthetic/confounding_strong/cv_runs_baselines/treatment_shared_unit/candidates/treatment_shared_unit_candidate_0009/fold_6,completed,0.5088839395661798,0.6741699465422496,0.23278133940811407,0.08603629365951383,0.6741699465422496,0.23278133940811407,0.08603629365951383,0.0008752387014640366,-0.01464035646085296,-0.013765117759388924,0.0008752387014640366,-0.01464035646085296,-0.013765117759388924
confounding_strong,confounding_strong,cv,treatment_shared_unit,treatment_shared_unit,train_cv,6,1,treatment_shared_unit__candidate_0009,treatment_shared_unit_candidate_0009,9,7,15026,3146,3146,/orcd/home/002/phevosp/MPLE-Causal-Inference/experiments/Synthetic/confounding_strong/cv_runs_baselines/treatment_shared_unit/candidates/treatment_shared_unit_candidate_0009/fold_7,completed,0.5113670033476295,0.6679100048550787,0.23366395010154928,0.09419959009020752,0.6679100048550787,0.23366395010154928,0.09419959009020752,0.013390019071837254,0.01652892561983471,0.003138906547997457,0.013390019071837254,0.01652892561983471,0.003138906547997457
confounding_strong,confounding_strong,cv,treatment_shared_unit,treatment_shared_unit,train_cv,6,1,treatment_shared_unit__candidate_0010,treatment_shared_unit_candidate_0010,10,1,15063,3146,3146,/orcd/home/002/phevosp/MPLE-Causal-Inference/experiments/Synthetic/confounding_strong/cv_runs_baselines/treatment_shared_unit/candidates/treatment_shared_unit_candidate_0010/fold_1,completed,0.5374115208083167,0.638312855537733,0.22421944893504164,0.03329029672473907,0.638312855537733,0.22421944893504164,0.03329029672473907,0.017522250476795932,0.01652892561983471,-0.0009933248569612206,0.017522250476795932,0.01652892561983471,-0.0009933248569612206
confounding_strong,confounding_strong,cv,treatment_shared_unit,treatment_shared_unit,train_cv,6,1,treatment_shared_unit__candidate_0010,treatment_shared_unit_candidate_0010,10,2,15000,3140,3140,/orcd/home/002/phevosp/MPLE-Causal-Inference/experiments/Synthetic/confounding_strong/cv_runs_baselines/treatment_shared_unit/candidates/treatment_shared_unit_candidate_0010/fold_2,completed,0.5392108177444963,0.6274766212287546,0.21916196030751867,0.02496933900153426,0.6274766212287546,0.21916196030751867,0.02496933900153426,0.0018312101910828039,-0.011464968152866241,-0.013296178343949045,0.0018312101910828039,-0.011464968152866241,-0.013296178343949045
confounding_strong,confounding_strong,cv,treatment_shared_unit,treatment_shared_unit,train_cv,6,1,treatment_shared_unit__candidate_0010,treatment_shared_unit_candidate_0010,10,3,15025,3140,3140,/orcd/home/002/phevosp/MPLE-Causal-Inference/experiments/Synthetic/confounding_strong/cv_runs_baselines/treatment_shared_unit/candidates/treatment_shared_unit_candidate_0010/fold_3,completed,0.5336422838828832,0.646899704307574,0.22776750810506383,0.040085510592433274,0.646899704307574,0.22776750810506383,0.040085510592433274,0.028503184713375793,0.04076433121019108,0.012261146496815287,0.028503184713375793,0.04076433121019108,0.012261146496815287
confounding_strong,confounding_strong,cv,treatment_shared_unit,treatment_shared_unit,train_cv,6,1,treatment_shared_unit__candidate_0010,treatment_shared_unit_candidate_0010,10,4,15028,3142,3142,/orcd/home/002/phevosp/MPLE-Causal-Inference/experiments/Synthetic/confounding_strong/cv_runs_baselines/treatment_shared_unit/candidates/treatment_shared_unit_candidate_0010/fold_4,completed,0.5404671662716138,0.6376978118062856,0.22369639790594503,0.02827456593316347,0.6376978118062856,0.22369639790594503,0.02827456593316347,0.017624124761298536,-0.03564608529598982,-0.01802196053469128,0.017624124761298536,-0.03564608529598982,-0.01802196053469128
confounding_strong,confounding_strong,cv,treatment_shared_unit,treatment_shared_unit,train_cv,6,1,treatment_shared_unit__candidate_0010,treatment_shared_unit_candidate_0010,10,5,15026,3144,3144,/orcd/home/002/phevosp/MPLE-Causal-Inference/experiments/Synthetic/confounding_strong/cv_runs_baselines/treatment_shared_unit/candidates/treatment_shared_unit_candidate_0010/fold_5,completed,0.5378997430772666,0.6445902325447253,0.2264328013643057,0.03736710185551299,0.6445902325447253,0.2264328013643057,0.03736710185551299,0.0023854961832061074,-0.005089058524173028,-0.002703562340966921,0.0023854961832061074,-0.005089058524173028,-0.002703562340966921
confounding_strong,confounding_strong,cv,treatment_shared_unit,treatment_shared_unit,train_cv,6,1,treatment_shared_unit__candidate_0010,treatment_shared_unit_candidate_0010,10,6,15026,3142,3142,/orcd/home/002/phevosp/MPLE-Causal-Inference/experiments/Synthetic/confounding_strong/cv_runs_baselines/treatment_shared_unit/candidates/treatment_shared_unit_candidate_0010/fold_6,completed,0.5367584721645013,0.6396721921015692,0.2246297748411727,0.03512933128511665,0.6396721921015692,0.2246297748411727,0.03512933128511665,0.0027450668364099318,-0.01464035646085296,-0.011895289624443028,0.0027450668364099318,-0.01464035646085296,-0.011895289624443028
confounding_strong,confounding_strong,cv,treatment_shared_unit,treatment_shared_unit,train_cv,6,1,treatment_shared_unit__candidate_0010,treatment_shared_unit_candidate_0010,10,7,15026,3146,3146,/orcd/home/002/phevosp/MPLE-Causal-Inference/experiments/Synthetic/confounding_strong/cv_runs_baselines/treatment_shared_unit/candidates/treatment_shared_unit_candidate_0010/fold_7,completed,0.5391569229432447,0.6386231254917608,0.22478676552562377,0.04052111321873364,0.6386231254917608,0.22478676552562377,0.04052111321873364,0.012356961220597585,0.01652892561983471,0.004171964399237126,0.012356961220597585,0.01652892561983471,0.004171964399237126
confounding_strong,confounding_strong,cv,treatment_shared_unit,treatment_shared_unit,train_cv,6,1,treatment_shared_unit__candidate_0011,treatment_shared_unit_candidate_0011,11,1,15063,3146,3146,/orcd/home/002/phevosp/MPLE-Causal-Inference/experiments/Synthetic/confounding_strong/cv_runs_baselines/treatment_shared_unit/candidates/treatment_shared_unit_candidate_0011/fold_1,completed,0.558067501803491,0.6356809104028531,0.22301514956219556,0.020486006056040826,0.6356809104028531,0.22301514956219556,0.020486006056040826,0.017720915448188178,0.01652892561983471,-0.001191989828353465,0.017720915448188178,0.01652892561983471,-0.001191989828353465
confounding_strong,confounding_strong,cv,treatment_shared_unit,treatment_shared_unit,train_cv,6,1,treatment_shared_unit__candidate_0011,treatment_shared_unit_candidate_0011,11,2,15000,3140,3140,/orcd/home/002/phevosp/MPLE-Causal-Inference/experiments/Synthetic/confounding_strong/cv_runs_baselines/treatment_shared_unit/candidates/treatment_shared_unit_candidate_0011/fold_2,completed,0.5592112295229342,0.6289529014519827,0.21974053137765104,0.017875182654168965,0.6289529014519827,0.21974053137765104,0.017875182654168965,0.0008359872611464949,-0.011464968152866241,-0.010628980891719746,0.0008359872611464949,-0.011464968152866241,-0.010628980891719746
confounding_strong,confounding_strong,cv,treatment_shared_unit,treatment_shared_unit,train_cv,6,1,treatment_shared_unit__candidate_0011,treatment_shared_unit_candidate_0011,11,3,15025,3140,3140,/orcd/home/002/phevosp/MPLE-Causal-Inference/experiments/Synthetic/confounding_strong/cv_runs_baselines/treatment_shared_unit/candidates/treatment_shared_unit_candidate_0011/fold_3,completed,0.554476708560341,0.6416558175907575,0.2257086793305011,0.020223438534701,0.6416558175907575,0.2257086793305011,0.020223438534701,0.02878184713375796,0.04076433121019108,0.011982484076433122,0.02878184713375796,0.04076433121019108,0.011982484076433122
confounding_strong,confounding_strong,cv,treatment_shared_unit,treatment_shared_unit,train_cv,6,1,treatment_shared_unit__candidate_0011,treatment_shared_unit_candidate_0011,11,4,15028,3142,3142,/orcd/home/002/phevosp/MPLE-Causal-Inference/experiments/Synthetic/confounding_strong/cv_runs_baselines/treatment_shared_unit/candidates/treatment_shared_unit_candidate_0011/fold_4,completed,0.5603258657337655,0.6360804700550328,0.22301068642396774,0.019230097561611332,0.6360804700550328,0.22301068642396774,0.019230097561611332,0.021443348185868877,-0.03564608529598982,-0.014202737110120942,0.021443348185868877,-0.03564608529598982,-0.014202737110120942
confounding_strong,confounding_strong,cv,treatment_shared_unit,treatment_shared_unit,train_cv,6,1,treatment_shared_unit__candidate_0011,treatment_shared_unit_candidate_0011,11,5,15026,3144,3144,/orcd/home/002/phevosp/MPLE-Causal-Inference/experiments/Synthetic/confounding_strong/cv_runs_baselines/treatment_shared_unit/candidates/treatment_shared_unit_candidate_0011/fold_5,completed,0.5582329518952579,0.6397601760829664,0.22462611208242103,0.014554694512151549,0.6397601760829664,0.22462611208242103,0.014554694512151549,0.0025047709923664125,-0.005089058524173028,-0.002584287531806616,0.0025047709923664125,-0.005089058524173028,-0.002584287531806616
confounding_strong,confounding_strong,cv,treatment_shared_unit,treatment_shared_unit,train_cv,6,1,treatment_shared_unit__candidate_0011,treatment_shared_unit_candidate_0011,11,6,15026,3142,3142,/orcd/home/002/phevosp/MPLE-Causal-Inference/experiments/Synthetic/confounding_strong/cv_runs_baselines/treatment_shared_unit/candidates/treatment_shared_unit_candidate_0011/fold_6,completed,0.5569259137399735,0.6366262477276043,0.22334799343742814,0.015138118659565226,0.6366262477276043,0.22334799343742814,0.015138118659565226,0.007001909611712286,-0.01464035646085296,-0.0076384468491406746,0.007001909611712286,-0.01464035646085296,-0.0076384468491406746
confounding_strong,confounding_strong,cv,treatment_shared_unit,treatment_shared_unit,train_cv,6,1,treatment_shared_unit__candidate_0011,treatment_shared_unit_candidate_0011,11,7,15026,3146,3146,/orcd/home/002/phevosp/MPLE-Causal-Inference/experiments/Synthetic/confounding_strong/cv_runs_baselines/treatment_shared_unit/candidates/treatment_shared_unit_candidate_0011/fold_7,completed,0.5593368718837239,0.6375452425056736,0.22400788492671642,0.01735053800274252,0.6375452425056736,0.22400788492671642,0.01735053800274252,0.009933248569612207,0.01652892561983471,0.006595677050222504,0.009933248569612207,0.01652892561983471,0.006595677050222504
confounding_strong,confounding_strong,cv,treatment_shared_unit,treatment_shared_unit,train_cv,6,1,treatment_shared_unit__candidate_0012,treatment_shared_unit_candidate_0012,12,1,15063,3146,3146,/orcd/home/002/phevosp/MPLE-Causal-Inference/experiments/Synthetic/confounding_strong/cv_runs_baselines/treatment_shared_unit/candidates/treatment_shared_unit_candidate_0012/fold_1,completed,0.6271122291519444,0.6585760618941522,0.23300479397759127,0.07243814402229976,0.6585760618941522,0.23300479397759127,0.07243814402229976,0.020502225047679595,0.01652892561983471,-0.003973299427844882,0.020502225047679595,0.01652892561983471,-0.003973299427844882
confounding_strong,confounding_strong,cv,treatment_shared_unit,treatment_shared_unit,train_cv,6,1,treatment_shared_unit__candidate_0012,treatment_shared_unit_candidate_0012,12,2,15000,3140,3140,/orcd/home/002/phevosp/MPLE-Causal-Inference/experiments/Synthetic/confounding_strong/cv_runs_baselines/treatment_shared_unit/candidates/treatment_shared_unit_candidate_0012/fold_2,completed,0.627714644456602,0.6571304693131444,0.23227718162631664,0.08982990118506891,0.6571304693131444,0.23227718162631664,0.08982990118506891,0.011703821656050955,-0.011464968152866241,0.00023885350318471321,0.011703821656050955,-0.011464968152866241,0.00023885350318471321
confounding_strong,confounding_strong,cv,treatment_shared_unit,treatment_shared_unit,train_cv,6,1,treatment_shared_unit__candidate_0012,treatment_shared_unit_candidate_0012,12,3,15025,3140,3140,/orcd/home/002/phevosp/MPLE-Causal-Inference/experiments/Synthetic/confounding_strong/cv_runs_baselines/treatment_shared_unit/candidates/treatment_shared_unit_candidate_0012/fold_3,completed,0.6255729561365008,0.6600012071697094,0.2337263907491912,0.0761178931991115,0.6600012071697094,0.2337263907491912,0.0761178931991115,0.030812101910828022,0.04076433121019108,0.009952229299363059,0.030812101910828022,0.04076433121019108,0.009952229299363059
confounding_strong,confounding_strong,cv,treatment_shared_unit,treatment_shared_unit,train_cv,6,1,treatment_shared_unit__candidate_0012,treatment_shared_unit_candidate_0012,12,4,15028,3142,3142,/orcd/home/002/phevosp/MPLE-Causal-Inference/experiments/Synthetic/confounding_strong/cv_runs_baselines/treatment_shared_unit/candidates/treatment_shared_unit_candidate_0012/fold_4,completed,0.6284341838413781,0.6585558749767406,0.23298321607111444,0.07374801250805374,0.6585558749767406,0.23298321607111444,0.07374801250805374,0.026933481858688733,-0.03564608529598982,-0.008712603437301084,0.026933481858688733,-0.03564608529598982,-0.008712603437301084
confounding_strong,confounding_strong,cv,treatment_shared_unit,treatment_shared_unit,train_cv,6,1,treatment_shared_unit__candidate_0012,treatment_shared_unit_candidate_0012,12,5,15026,3144,3144,/orcd/home/002/phevosp/MPLE-Causal-Inference/experiments/Synthetic/confounding_strong/cv_runs_baselines/treatment_shared_unit/candidates/treatment_shared_unit_candidate_0012/fold_5,completed,0.6271814110781583,0.659250890769985,0.23333937431198695,0.06841514380149162,0.659250890769985,0.23333937431198695,0.06841514380149162,0.004492684478371501,-0.005089058524173028,-0.0005963740458015273,0.004492684478371501,-0.005089058524173028,-0.0005963740458015273
confounding_strong,confounding_strong,cv,treatment_shared_unit,treatment_shared_unit,train_cv,6,1,treatment_shared_unit__candidate_0012,treatment_shared_unit_candidate_0012,12,6,15026,3142,3142,/orcd/home/002/phevosp/MPLE-Causal-Inference/experiments/Synthetic/confounding_strong/cv_runs_baselines/treatment_shared_unit/candidates/treatment_shared_unit_candidate_0012/fold_6,completed,0.6266514701979249,0.6592478764521736,0.2333420578785263,0.06898491186828164,0.6592478764521736,0.2333420578785263,0.06898491186828164,0.014759707192870784,-0.01464035646085296,0.00011935073201782358,0.014759707192870784,-0.01464035646085296,0.00011935073201782358
confounding_strong,confounding_strong,cv,treatment_shared_unit,treatment_shared_unit,train_cv,6,1,treatment_shared_unit__candidate_0012,treatment_shared_unit_candidate_0012,12,7,15026,3146,3146,/orcd/home/002/phevosp/MPLE-Causal-Inference/experiments/Synthetic/confounding_strong/cv_runs_baselines/treatment_shared_unit/candidates/treatment_shared_unit_candidate_0012/fold_7,completed,0.6276959411079486,0.6603957569432157,0.2339200166540603,0.06937511064481294,0.6603957569432157,0.2339200166540603,0.06937511064481294,0.01247616020343293,0.01652892561983471,0.004052765416401781,0.01247616020343293,0.01652892561983471,0.004052765416401781
confounding_strong,confounding_strong,cv,treatment_shared_unit,treatment_shared_unit,train_cv,6,1,treatment_shared_unit__candidate_0013,treatment_shared_unit_candidate_0013,13,1,15063,3146,3146,/orcd/home/002/phevosp/MPLE-Causal-Inference/experiments/Synthetic/confounding_strong/cv_runs_baselines/treatment_shared_unit/candidates/treatment_shared_unit_candidate_0013/fold_1,completed,0.3889746611340784,1.1655723451309465,0.2731194395305762,0.18388385476548474,1.1655723451309465,0.2731194395305762,0.18388385476548474,0.03158773045136681,0.01652892561983471,-0.015058804831532106,0.03158773045136681,0.01652892561983471,-0.015058804831532106
confounding_strong,confounding_strong,cv,treatment_shared_unit,treatment_shared_unit,train_cv,6,1,treatment_shared_unit__candidate_0013,treatment_shared_unit_candidate_0013,13,2,15000,3140,3140,/orcd/home/002/phevosp/MPLE-Causal-Inference/experiments/Synthetic/confounding_strong/cv_runs_baselines/treatment_shared_unit/candidates/treatment_shared_unit_candidate_0013/fold_2,completed,0.3909278722535763,1.1410519677990305,0.27213040631508434,0.1705426683628587,1.1410519677990305,0.27213040631508434,0.1705426683628587,0.02862261146496816,-0.011464968152866241,-0.0400875796178344,0.02862261146496816,-0.011464968152866241,-0.0400875796178344
confounding_strong,confounding_strong,cv,treatment_shared_unit,treatment_shared_unit,train_cv,6,1,treatment_shared_unit__candidate_0013,treatment_shared_unit_candidate_0013,13,3,15025,3140,3140,/orcd/home/002/phevosp/MPLE-Causal-Inference/experiments/Synthetic/confounding_strong/cv_runs_baselines/treatment_shared_unit/candidates/treatment_shared_unit_candidate_0013/fold_3,completed,0.3870330993892269,1.0043340212451688,0.272932874404556,0.1834810943558604,1.0043340212451688,0.272932874404556,0.1834810943558604,0.029060509554140124,0.04076433121019108,0.011703821656050956,0.029060509554140124,0.04076433121019108,0.011703821656050956
confounding_strong,confounding_strong,cv,treatment_shared_unit,treatment_shared_unit,train_cv,6,1,treatment_shared_unit__candidate_0013,treatment_shared_unit_candidate_0013,13,4,15028,3142,3142,/orcd/home/002/phevosp/MPLE-Causal-Inference/experiments/Synthetic/confounding_strong/cv_runs_baselines/treatment_shared_unit/candidates/treatment_shared_unit_candidate_0013/fold_4,completed,0.3909369437535859,1.101914351089876,0.2724849285330563,0.19396695164039746,1.101914351089876,0.2724849285330563,0.19396695164039746,0.022358370464672185,-0.03564608529598982,-0.013287714831317632,0.022358370464672185,-0.03564608529598982,-0.013287714831317632
confounding_strong,confounding_strong,cv,treatment_shared_unit,treatment_shared_unit,train_cv,6,1,treatment_shared_unit__candidate_0013,treatment_shared_unit_candidate_0013,13,5,15026,3144,3144,/orcd/home/002/phevosp/MPLE-Causal-Inference/experiments/Synthetic/confounding_strong/cv_runs_baselines/treatment_shared_unit/candidates/treatment_shared_unit_candidate_0013/fold_5,completed,0.38839525335981834,1.1213554544073971,0.27804736382844353,0.1856844362643466,1.1213554544073971,0.27804736382844353,0.1856844362643466,0.01025763358778626,-0.005089058524173028,-0.015346692111959288,0.01025763358778626,-0.005089058524173028,-0.015346692111959288
confounding_strong,confounding_strong,cv,treatment_shared_unit,treatment_shared_unit,train_cv,6,1,treatment_shared_unit__candidate_0013,treatment_shared_unit_candidate_0013,13,6,15026,3142,3142,/orcd/home/002/phevosp/MPLE-Causal-Inference/experiments/Synthetic/confounding_strong/cv_runs_baselines/treatment_shared_unit/candidates/treatment_shared_unit_candidate_0013/fold_6,completed,0.3839159904140384,1.0681737295454359,0.2719726046386314,0.18361217951347686,1.0681737295454359,0.2719726046386314,0.18361217951347686,0.009070655633354553,-0.01464035646085296,-0.023711012094207513,0.009070655633354553,-0.01464035646085296,-0.023711012094207513
confounding_strong,confounding_strong,cv,treatment_shared_unit,treatment_shared_unit,train_cv,6,1,treatment_shared_unit__candidate_0013,treatment_shared_unit_candidate_0013,13,7,15026,3146,3146,/orcd/home/002/phevosp/MPLE-Causal-Inference/experiments/Synthetic/confounding_strong/cv_runs_baselines/treatment_shared_unit/candidates/treatment_shared_unit_candidate_0013/fold_7,completed,0.3941132132906265,1.041578797145821,0.2715798249927981,0.18194455791049544,1.041578797145821,0.2715798249927981,0.18194455791049544,0.00945645263827082,0.01652892561983471,0.007072472981563891,0.00945645263827082,0.01652892561983471,0.007072472981563891
confounding_strong,confounding_strong,cv,treatment_shared_unit,treatment_shared_unit,train_cv,6,1,treatment_shared_unit__candidate_0014,treatment_shared_unit_candidate_0014,14,1,15063,3146,3146,/orcd/home/002/phevosp/MPLE-Causal-Inference/experiments/Synthetic/confounding_strong/cv_runs_baselines/treatment_shared_unit/candidates/treatment_shared_unit_candidate_0014/fold_1,completed,0.4111035163914831,0.8292049972391284,0.2591983549491658,0.15572921926813843,0.8292049972391284,0.2591983549491658,0.15572921926813843,0.01931023521932613,0.01652892561983471,-0.0027813095994914184,0.01931023521932613,0.01652892561983471,-0.0027813095994914184
confounding_strong,confounding_strong,cv,treatment_shared_unit,treatment_shared_unit,train_cv,6,1,treatment_shared_unit__candidate_0014,treatment_shared_unit_candidate_0014,14,2,15000,3140,3140,/orcd/home/002/phevosp/MPLE-Causal-Inference/experiments/Synthetic/confounding_strong/cv_runs_baselines/treatment_shared_unit/candidates/treatment_shared_unit_candidate_0014/fold_2,completed,0.41365369195691515,0.7796098130049846,0.24862328415239443,0.13826444223140447,0.7796098130049846,0.24862328415239443,0.13826444223140447,0.050398089171974525,-0.011464968152866241,-0.061863057324840764,0.050398089171974525,-0.011464968152866241,-0.061863057324840764
confounding_strong,confounding_strong,cv,treatment_shared_unit,treatment_shared_unit,train_cv,6,1,treatment_shared_unit__candidate_0014,treatment_shared_unit_candidate_0014,14,3,15025,3140,3140,/orcd/home/002/phevosp/MPLE-Causal-Inference/experiments/Synthetic/confounding_strong/cv_runs_baselines/treatment_shared_unit/candidates/treatment_shared_unit_candidate_0014/fold_3,completed,0.40529617302846915,0.8096681981488552,0.2565386348431013,0.15415674545110675,0.8096681981488552,0.2565386348431013,0.15415674545110675,0.035310509554140126,0.04076433121019108,0.005453821656050955,0.035310509554140126,0.04076433121019108,0.005453821656050955
confounding_strong,confounding_strong,cv,treatment_shared_unit,treatment_shared_unit,train_cv,6,1,treatment_shared_unit__candidate_0014,treatment_shared_unit_candidate_0014,14,4,15028,3142,3142,/orcd/home/002/phevosp/MPLE-Causal-Inference/experiments/Synthetic/confounding_strong/cv_runs_baselines/treatment_shared_unit/candidates/treatment_shared_unit_candidate_0014/fold_4,completed,0.4132612923658458,0.8212114729517649,0.25665585139220937,0.15258522748126468,0.8212114729517649,0.25665585139220937,0.15258522748126468,0.03918682367918523,-0.03564608529598982,0.0035407383831954175,0.03918682367918523,-0.03564608529598982,0.0035407383831954175
confounding_strong,confounding_strong,cv,treatment_shared_unit,treatment_shared_unit,train_cv,6,1,treatment_shared_unit__candidate_0014,treatment_shared_unit_candidate_0014,14,5,15026,3144,3144,/orcd/home/002/phevosp/MPLE-Causal-Inference/experiments/Synthetic/confounding_strong/cv_runs_baselines/treatment_shared_unit/candidates/treatment_shared_unit_candidate_0014/fold_5,completed,0.41020689437941565,0.8574600709523421,0.2688172146128625,0.17244371999532185,0.8574600709523421,0.2688172146128625,0.17244371999532185,0.030693384223918575,-0.005089058524173028,0.025604325699745547,0.030693384223918575,-0.005089058524173028,0.025604325699745547
confounding_strong,confounding_strong,cv,treatment_shared_unit,treatment_shared_unit,train_cv,6,1,treatment_shared_unit__candidate_0014,treatment_shared_unit_candidate_0014,14,6,15026,3142,3142,/orcd/home/002/phevosp/MPLE-Causal-Inference/experiments/Synthetic/confounding_strong/cv_runs_baselines/treatment_shared_unit/candidates/treatment_shared_unit_candidate_0014/fold_6,completed,0.4071595354386867,0.8098344563406698,0.25653165427295815,0.15914538928552874,0.8098344563406698,0.25653165427295815,0.15914538928552874,0.014958625079567158,-0.01464035646085296,-0.02959898154042012,0.014958625079567158,-0.01464035646085296,-0.02959898154042012
confounding_strong,confounding_strong,cv,treatment_shared_unit,treatment_shared_unit,train_cv,6,1,treatment_shared_unit__candidate_0014,treatment_shared_unit_candidate_0014,14,7,15026,3146,3146,/orcd/home/002/phevosp/MPLE-Causal-Inference/experiments/Synthetic/confounding_strong/cv_runs_baselines/treatment_shared_unit/candidates/treatment_shared_unit_candidate_0014/fold_7,completed,0.4134339803123558,0.8163981939173147,0.25934557978842454,0.16208291402458097,0.8163981939173147,0.25934557978842454,0.16208291402458097,0.011641767323585503,0.01652892561983471,0.028170692943420214,0.011641767323585503,0.01652892561983471,0.028170692943420214
confounding_strong,confounding_strong,cv,treatment_shared_unit,treatment_shared_unit,train_cv,6,1,treatment_shared_unit__candidate_0015,treatment_shared_unit_candidate_0015,15,1,15063,3146,3146,/orcd/home/002/phevosp/MPLE-Causal-Inference/experiments/Synthetic/confounding_strong/cv_runs_baselines/treatment_shared_unit/candidates/treatment_shared_unit_candidate_0015/fold_1,completed,0.4235032386886412,0.753213599214595,0.25006697566150515,0.13494866537101863,0.753213599214595,0.25006697566150515,0.13494866537101863,0.019707565162110616,0.01652892561983471,-0.003178639542275906,0.019707565162110616,0.01652892561983471,-0.003178639542275906
confounding_strong,confounding_strong,cv,treatment_shared_unit,treatment_shared_unit,train_cv,6,1,treatment_shared_unit__candidate_0015,treatment_shared_unit_candidate_0015,15,2,15000,3140,3140,/orcd/home/002/phevosp/MPLE-Causal-Inference/experiments/Synthetic/confounding_strong/cv_runs_baselines/treatment_shared_unit/candidates/treatment_shared_unit_candidate_0015/fold_2,completed,0.4257710782267086,0.7093368177416376,0.23732816706797746,0.11454716936315162,0.7093368177416376,0.23732816706797746,0.11454716936315162,0.04064490445859873,-0.011464968152866241,-0.05210987261146497,0.04064490445859873,-0.011464968152866241,-0.05210987261146497
confounding_strong,confounding_strong,cv,treatment_shared_unit,treatment_shared_unit,train_cv,6,1,treatment_shared_unit__candidate_0015,treatment_shared_unit_candidate_0015,15,3,15025,3140,3140,/orcd/home/002/phevosp/MPLE-Causal-Inference/experiments/Synthetic/confounding_strong/cv_runs_baselines/treatment_shared_unit/candidates/treatment_shared_unit_candidate_0015/fold_3,completed,0.44465717106261077,0.7187734778726388,0.24452998228842476,0.122036831111276,0.7187734778726388,0.24452998228842476,0.122036831111276,0.04271496815286624,0.04076433121019108,-0.0019506369426751595,0.04271496815286624,0.04076433121019108,-0.0019506369426751595
confounding_strong,confounding_strong,cv,treatment_shared_unit,treatment_shared_unit,train_cv,6,1,treatment_shared_unit__candidate_0015,treatment_shared_unit_candidate_0015,15,4,15028,3142,3142,/orcd/home/002/phevosp/MPLE-Causal-Inference/experiments/Synthetic/confounding_strong/cv_runs_baselines/treatment_shared_unit/candidates/treatment_shared_unit_candidate_0015/fold_4,completed,0.4245154379213865,0.7476042821806854,0.2489426801069096,0.1419364947074993,0.7476042821806854,0.2489426801069096,0.1419364947074993,0.022477721196690007,-0.03564608529598982,-0.01316836409929981,0.022477721196690007,-0.03564608529598982,-0.01316836409929981
confounding_strong,confounding_strong,cv,treatment_shared_unit,treatment_shared_unit,train_cv,6,1,treatment_shared_unit__candidate_0015,treatment_shared_unit_candidate_0015,15,5,15026,3144,3144,/orcd/home/002/phevosp/MPLE-Causal-Inference/experiments/Synthetic/confounding_strong/cv_runs_baselines/treatment_shared_unit/candidates/treatment_shared_unit_candidate_0015/fold_5,completed,0.4494854798363407,0.7374607651721947,0.25051262778458094,0.13067409311414213,0.7374607651721947,0.25051262778458094,0.13067409311414213,0.012841921119592876,-0.005089058524173028,0.007752862595419847,0.012841921119592876,-0.005089058524173028,0.007752862595419847
confounding_strong,confounding_strong,cv,treatment_shared_unit,treatment_shared_unit,train_cv,6,1,treatment_shared_unit__candidate_0015,treatment_shared_unit_candidate_0015,15,6,15026,3142,3142,/orcd/home/002/phevosp/MPLE-Causal-Inference/experiments/Synthetic/confounding_strong/cv_runs_baselines/treatment_shared_unit/candidates/treatment_shared_unit_candidate_0015/fold_6,completed,0.4197703656345524,0.7453887840140635,0.2492695880333254,0.13766030821515496,0.7453887840140635,0.2492695880333254,0.13766030821515496,0.012054423933800129,-0.01464035646085296,-0.02669478039465309,0.012054423933800129,-0.01464035646085296,-0.02669478039465309
confounding_strong,confounding_strong,cv,treatment_shared_unit,treatment_shared_unit,train_cv,6,1,treatment_shared_unit__candidate_0015,treatment_shared_unit_candidate_0015,15,7,15026,3146,3146,/orcd/home/002/phevosp/MPLE-Causal-Inference/experiments/Synthetic/confounding_strong/cv_runs_baselines/treatment_shared_unit/candidates/treatment_shared_unit_candidate_0015/fold_7,completed,0.4249919874475341,0.7575657355309715,0.2527226911395241,0.14099496843953557,0.7575657355309715,0.2527226911395241,0.14099496843953557,0.014264144945963127,0.01652892561983471,0.030793070565797838,0.014264144945963127,0.01652892561983471,0.030793070565797838
confounding_strong,confounding_strong,cv,treatment_shared_unit,treatment_shared_unit,train_cv,6,1,treatment_shared_unit__candidate_0016,treatment_shared_unit_candidate_0016,16,1,15063,3146,3146,/orcd/home/002/phevosp/MPLE-Causal-Inference/experiments/Synthetic/confounding_strong/cv_runs_baselines/treatment_shared_unit/candidates/treatment_shared_unit_candidate_0016/fold_1,completed,0.4689373631291757,0.6503056330041075,0.22749729392902154,0.06061544680721595,0.6503056330041075,0.22749729392902154,0.06061544680721595,0.017641449459631278,0.01652892561983471,-0.001112523839796567,0.017641449459631278,0.01652892561983471,-0.001112523839796567
confounding_strong,confounding_strong,cv,treatment_shared_unit,treatment_shared_unit,train_cv,6,1,treatment_shared_unit__candidate_0016,treatment_shared_unit_candidate_0016,16,2,15000,3140,3140,/orcd/home/002/phevosp/MPLE-Causal-Inference/experiments/Synthetic/confounding_strong/cv_runs_baselines/treatment_shared_unit/candidates/treatment_shared_unit_candidate_0016/fold_2,completed,0.47077805639330084,0.6294702028579393,0.2193254383497849,0.048728319149829544,0.6294702028579393,0.2193254383497849,0.048728319149829544,0.020859872611464977,-0.011464968152866241,-0.03232484076433122,0.020859872611464977,-0.011464968152866241,-0.03232484076433122
confounding_strong,confounding_strong,cv,treatment_shared_unit,treatment_shared_unit,train_cv,6,1,treatment_shared_unit__candidate_0016,treatment_shared_unit_candidate_0016,16,3,15025,3140,3140,/orcd/home/002/phevosp/MPLE-Causal-Inference/experiments/Synthetic/confounding_strong/cv_runs_baselines/treatment_shared_unit/candidates/treatment_shared_unit_candidate_0016/fold_3,completed,0.465572202620922,0.6582447430371379,0.23057681165896748,0.0642390916929923,0.6582447430371379,0.23057681165896748,0.0642390916929923,0.046218152866242035,0.04076433121019108,-0.005453821656050956,0.046218152866242035,0.04076433121019108,-0.005453821656050956
confounding_strong,confounding_strong,cv,treatment_shared_unit,treatment_shared_unit,train_cv,6,1,treatment_shared_unit__candidate_0016,treatment_shared_unit_candidate_0016,16,4,15028,3142,3142,/orcd/home/002/phevosp/MPLE-Causal-Inference/experiments/Synthetic/confounding_strong/cv_runs_baselines/treatment_shared_unit/candidates/treatment_shared_unit_candidate_0016/fold_4,completed,0.47079086426493505,0.6537557646542369,0.22901755686390998,0.07319097101192162,0.6537557646542369,0.22901755686390998,0.07319097101192162,0.030911839592616168,-0.03564608529598982,-0.004734245703373647,0.030911839592616168,-0.03564608529598982,-0.004734245703373647
confounding_strong,confounding_strong,cv,treatment_shared_unit,treatment_shared_unit,train_cv,6,1,treatment_shared_unit__candidate_0016,treatment_shared_unit_candidate_0016,16,5,15026,3144,3144,/orcd/home/002/phevosp/MPLE-Causal-Inference/experiments/Synthetic/confounding_strong/cv_runs_baselines/treatment_shared_unit/candidates/treatment_shared_unit_candidate_0016/fold_5,completed,0.46901067478138714,0.6596974912318488,0.2307809285093977,0.05774872376773931,0.6596974912318488,0.2307809285093977,0.05774872376773931,0.008826335877862596,-0.005089058524173028,0.003737277353689567,0.008826335877862596,-0.005089058524173028,0.003737277353689567
confounding_strong,confounding_strong,cv,treatment_shared_unit,treatment_shared_unit,train_cv,6,1,treatment_shared_unit__candidate_0016,treatment_shared_unit_candidate_0016,16,6,15026,3142,3142,/orcd/home/002/phevosp/MPLE-Causal-Inference/experiments/Synthetic/confounding_strong/cv_runs_baselines/treatment_shared_unit/candidates/treatment_shared_unit_candidate_0016/fold_6,completed,0.4664014985858019,0.6562906323187806,0.2308055452908819,0.06566968048970107,0.6562906323187806,0.2308055452908819,0.06566968048970107,0.006484723106301715,-0.01464035646085296,-0.021125079567154675,0.006484723106301715,-0.01464035646085296,-0.021125079567154675
confounding_strong,confounding_strong,cv,treatment_shared_unit,treatment_shared_unit,train_cv,6,1,treatment_shared_unit__candidate_0016,treatment_shared_unit_candidate_0016,16,7,15026,3146,3146,/orcd/home/002/phevosp/MPLE-Causal-Inference/experiments/Synthetic/confounding_strong/cv_runs_baselines/treatment_shared_unit/candidates/treatment_shared_unit_candidate_0016/fold_7,completed,0.47064450484633713,0.6550810418955068,0.23018376812985397,0.07255500736729464,0.6550810418955068,0.23018376812985397,0.07255500736729464,0.0005562619198982849,0.01652892561983471,0.015972663699936426,0.0005562619198982849,0.01652892561983471,0.015972663699936426
confounding_strong,confounding_strong,cv,treatment_shared_unit,treatment_shared_unit,train_cv,6,1,treatment_shared_unit__candidate_0017,treatment_shared_unit_candidate_0017,17,1,15063,3146,3146,/orcd/home/002/phevosp/MPLE-Causal-Inference/experiments/Synthetic/confounding_strong/cv_runs_baselines/treatment_shared_unit/candidates/treatment_shared_unit_candidate_0017/fold_1,completed,0.5025505454080162,0.6346899956111401,0.22222396370069594,0.02100935475660388,0.6346899956111401,0.22222396370069594,0.02100935475660388,0.019349968213604577,0.01652892561983471,-0.0028210425937698663,0.019349968213604577,0.01652892561983471,-0.0028210425937698663
confounding_strong,confounding_strong,cv,treatment_shared_unit,treatment_shared_unit,train_cv,6,1,treatment_shared_unit__candidate_0017,treatment_shared_unit_candidate_0017,17,2,15000,3140,3140,/orcd/home/002/phevosp/MPLE-Causal-Inference/experiments/Synthetic/confounding_strong/cv_runs_baselines/treatment_shared_unit/candidates/treatment_shared_unit_candidate_0017/fold_2,completed,0.5038621009469971,0.6213530240343643,0.21641661493657888,0.025558730599063727,0.6213530240343643,0.21641661493657888,0.025558730599063727,0.010589171974522296,-0.011464968152866241,-0.022054140127388537,0.010589171974522296,-0.011464968152866241,-0.022054140127388537
confounding_strong,confounding_strong,cv,treatment_shared_unit,treatment_shared_unit,train_cv,6,1,treatment_shared_unit__candidate_0017,treatment_shared_unit_candidate_0017,17,3,15025,3140,3140,/orcd/home/002/phevosp/MPLE-Causal-Inference/experiments/Synthetic/confounding_strong/cv_runs_baselines/treatment_shared_unit/candidates/treatment_shared_unit_candidate_0017/fold_3,completed,0.4996021619571699,0.6423734658284274,0.2255297970062703,0.03015014723096746,0.6423734658284274,0.2255297970062703,0.03015014723096746,0.04223726114649681,0.04076433121019108,-0.0014729299363057326,0.04223726114649681,0.04076433121019108,-0.0014729299363057326
confounding_strong,confounding_strong,cv,treatment_shared_unit,treatment_shared_unit,train_cv,6,1,treatment_shared_unit__candidate_0017,treatment_shared_unit_candidate_0017,17,4,15028,3142,3142,/orcd/home/002/phevosp/MPLE-Causal-Inference/experiments/Synthetic/confounding_strong/cv_runs_baselines/treatment_shared_unit/candidates/treatment_shared_unit_candidate_0017/fold_4,completed,0.5036903189396571,0.6386000437627464,0.22378043089828795,0.029203920998244544,0.6386000437627464,0.22378043089828795,0.029203920998244544,0.02478516868236792,-0.03564608529598982,-0.010860916613621898,0.02478516868236792,-0.03564608529598982,-0.010860916613621898
confounding_strong,confounding_strong,cv,treatment_shared_unit,treatment_shared_unit,train_cv,6,1,treatment_shared_unit__candidate_0017,treatment_shared_unit_candidate_0017,17,5,15026,3144,3144,/orcd/home/002/phevosp/MPLE-Causal-Inference/experiments/Synthetic/confounding_strong/cv_runs_baselines/treatment_shared_unit/candidates/treatment_shared_unit_candidate_0017/fold_5,completed,0.5019924261975865,0.6335982815910733,0.22151116575543073,0.02251724275156452,0.6335982815910733,0.22151116575543073,0.02251724275156452,0.004611959287531807,-0.005089058524173028,-0.0004770992366412215,0.004611959287531807,-0.005089058524173028,-0.0004770992366412215
confounding_strong,confounding_strong,cv,treatment_shared_unit,treatment_shared_unit,train_cv,6,1,treatment_shared_unit__candidate_0017,treatment_shared_unit_candidate_0017,17,6,15026,3142,3142,/orcd/home/002/phevosp/MPLE-Causal-Inference/experiments/Synthetic/confounding_strong/cv_runs_baselines/treatment_shared_unit/candidates/treatment_shared_unit_candidate_0017/fold_6,completed,0.49946356948090614,0.6410211167324998,0.22538500663987202,0.025155038138341898,0.6410211167324998,0.22538500663987202,0.025155038138341898,0.0029042011457670255,-0.01464035646085296,-0.017544557606619986,0.0029042011457670255,-0.01464035646085296,-0.017544557606619986
confounding_strong,confounding_strong,cv,treatment_shared_unit,treatment_shared_unit,train_cv,6,1,treatment_shared_unit__candidate_0017,treatment_shared_unit_candidate_0017,17,7,15026,3146,3146,/orcd/home/002/phevosp/MPLE-Causal-Inference/experiments/Synthetic/confounding_strong/cv_runs_baselines/treatment_shared_unit/candidates/treatment_shared_unit_candidate_0017/fold_7,completed,0.5039506121881295,0.6388367752803931,0.22427204494200548,0.027185131497533765,0.6388367752803931,0.22427204494200548,0.027185131497533765,0.0035362364907819445,0.01652892561983471,0.012992689129052767,0.0035362364907819445,0.01652892561983471,0.012992689129052767
confounding_strong,confounding_strong,cv,treatment_shared_unit,treatment_shared_unit,train_cv,6,1,treatment_shared_unit__candidate_0018,treatment_shared_unit_candidate_0018,18,1,15063,3146,3146,/orcd/home/002/phevosp/MPLE-Causal-Inference/experiments/Synthetic/confounding_strong/cv_runs_baselines/treatment_shared_unit/candidates/treatment_shared_unit_candidate_0018/fold_1,completed,0.5997623154573554,0.6489008545340442,0.22838233535575767,0.07525764490912794,0.6489008545340442,0.22838233535575767,0.07525764490912794,0.01891290527654164,0.01652892561983471,-0.0023839796567069298,0.01891290527654164,0.01652892561983471,-0.0023839796567069298
confounding_strong,confounding_strong,cv,treatment_shared_unit,treatment_shared_unit,train_cv,6,1,treatment_shared_unit__candidate_0018,treatment_shared_unit_candidate_0018,18,2,15000,3140,3140,/orcd/home/002/phevosp/MPLE-Causal-Inference/experiments/Synthetic/confounding_strong/cv_runs_baselines/treatment_shared_unit/candidates/treatment_shared_unit_candidate_0018/fold_2,completed,0.600145895803466,0.6465713155023222,0.22721834548024025,0.08525533528786729,0.6465713155023222,0.22721834548024025,0.08525533528786729,0.008718152866242038,-0.011464968152866241,-0.0027468152866242036,0.008718152866242038,-0.011464968152866241,-0.0027468152866242036
confounding_strong,confounding_strong,cv,treatment_shared_unit,treatment_shared_unit,train_cv,6,1,treatment_shared_unit__candidate_0018,treatment_shared_unit_candidate_0018,18,3,15025,3140,3140,/orcd/home/002/phevosp/MPLE-Causal-Inference/experiments/Synthetic/confounding_strong/cv_runs_baselines/treatment_shared_unit/candidates/treatment_shared_unit_candidate_0018/fold_3,completed,0.5980778054897269,0.651860920833974,0.22986953225632484,0.06088029682198664,0.651860920833974,0.22986953225632484,0.06088029682198664,0.03268312101910828,0.04076433121019108,0.008081210191082804,0.03268312101910828,0.04076433121019108,0.008081210191082804
confounding_strong,confounding_strong,cv,treatment_shared_unit,treatment_shared_unit,train_cv,6,1,treatment_shared_unit__candidate_0018,treatment_shared_unit_candidate_0018,18,4,15028,3142,3142,/orcd/home/002/phevosp/MPLE-Causal-Inference/experiments/Synthetic/confounding_strong/cv_runs_baselines/treatment_shared_unit/candidates/treatment_shared_unit_candidate_0018/fold_4,completed,0.6003423461926687,0.6500458351359036,0.22889816281636272,0.07611505943139192,0.6500458351359036,0.22889816281636272,0.07611505943139192,0.027013049013367284,-0.03564608529598982,-0.008633036282622533,0.027013049013367284,-0.03564608529598982,-0.008633036282622533
confounding_strong,confounding_strong,cv,treatment_shared_unit,treatment_shared_unit,train_cv,6,1,treatment_shared_unit__candidate_0018,treatment_shared_unit_candidate_0018,18,5,15026,3144,3144,/orcd/home/002/phevosp/MPLE-Causal-Inference/experiments/Synthetic/confounding_strong/cv_runs_baselines/treatment_shared_unit/candidates/treatment_shared_unit_candidate_0018/fold_5,completed,0.5995085082139305,0.649811596069683,0.22881060165007716,0.07525387075156362,0.649811596069683,0.22881060165007716,0.07525387075156362,0.005089058524173028,-0.005089058524173028,-4.336808689942018e-19,0.005089058524173028,-0.005089058524173028,-4.336808689942018e-19
confounding_strong,confounding_strong,cv,treatment_shared_unit,treatment_shared_unit,train_cv,6,1,treatment_shared_unit__candidate_0018,treatment_shared_unit_candidate_0018,18,6,15026,3142,3142,/orcd/home/002/phevosp/MPLE-Causal-Inference/experiments/Synthetic/confounding_strong/cv_runs_baselines/treatment_shared_unit/candidates/treatment_shared_unit_candidate_0018/fold_6,completed,0.5982142190269709,0.6514547127207185,0.22965479812379858,0.06112125022568815,0.6514547127207185,0.22965479812379858,0.06112125022568815,0.010383513685550606,-0.01464035646085296,-0.004256842775302355,0.010383513685550606,-0.01464035646085296,-0.004256842775302355
confounding_strong,confounding_strong,cv,treatment_shared_unit,treatment_shared_unit,train_cv,6,1,treatment_shared_unit__candidate_0018,treatment_shared_unit_candidate_0018,18,7,15026,3146,3146,/orcd/home/002/phevosp/MPLE-Causal-Inference/experiments/Synthetic/confounding_strong/cv_runs_baselines/treatment_shared_unit/candidates/treatment_shared_unit_candidate_0018/fold_7,completed,0.6001745818911902,0.6520587623496786,0.22994580340225063,0.06650506232259866,0.6520587623496786,0.22994580340225063,0.06650506232259866,0.010449777495232042,0.01652892561983471,0.00607914812460267,0.010449777495232042,0.01652892561983471,0.00607914812460267
